city,lat,lng,country,population
Tokyo,35.6897,139.6922,Japan,37977000.0
Jakarta,-6.2146,106.8451,Indonesia,34540000.0
Delhi,28.66,77.23,India,29617000.0
Mumbai,18.9667,72.8333,India,23355000.0
Manila,14.5958,120.9772,Philippines,23088000.0
Shanghai,31.1667,121.4667,China,22120000.0
Sao Paulo,-23.5504,-46.6339,Brazil,22046000.0
Seoul,37.5833,127.0,"Korea, South",21794000.0
Mexico City,19.4333,-99.1333,Mexico,20996000.0
Guangzhou,23.1288,113.259,China,20902000.0
Beijing,39.905,116.3914,China,19433000.0
Cairo,30.0561,31.2394,Egypt,19372000.0
New York,40.6943,-73.9249,United States,18713220.0
Kolkata,22.5411,88.3378,India,17560000.0
Moscow,55.7558,37.6178,Russia,17125000.0
Bangkok,13.75,100.5167,Thailand,17066000.0
Buenos Aires,-34.5997,-58.3819,Argentina,16157000.0
Shenzhen,22.535,114.054,China,15929000.0
Dhaka,23.7161,90.3961,Bangladesh,15443000.0
Lagos,6.45,3.4,Nigeria,15279000.0
Istanbul,41.01,28.9603,Turkey,15154000.0
Osaka,34.6936,135.5019,Japan,14977000.0
Karachi,24.86,67.01,Pakistan,14835000.0
Bangalore,12.9699,77.598,India,13707000.0
Tehran,35.7,51.4167,Iran,13633000.0
Kinshasa,-4.3317,15.3139,Congo (Kinshasa),13528000.0
Ho Chi Minh City,10.8167,106.6333,Vietnam,13312000.0
Los Angeles,34.1139,-118.4068,United States,12750807.0
Rio de Janeiro,-22.9083,-43.1964,Brazil,12272000.0
Nanyang,32.9987,112.5292,China,12010000.0
Chennai,13.0825,80.275,India,11324000.0
Chengdu,30.6636,104.0667,China,11309000.0
Lahore,31.5497,74.3436,Pakistan,11021000.0
Paris,48.8566,2.3522,France,11020000.0
London,51.5072,-0.1275,United Kingdom,10979000.0
Linyi,35.0606,118.3425,China,10820000.0
Tianjin,39.1467,117.2056,China,10800000.0
Shijiazhuang,38.0422,114.5086,China,10784600.0
Baoding,38.8671,115.4845,China,10700000.0
Zhoukou,33.625,114.6418,China,9901000.0
Lima,-12.05,-77.0333,Peru,9848000.0
Hyderabad,17.3667,78.4667,India,9746000.0
Bogota,4.6126,-74.0705,Colombia,9464000.0
Weifang,36.7167,119.1,China,9373000.0
Nagoya,35.1167,136.9333,Japan,9113000.0
Wuhan,30.5872,114.2881,China,8962000.0
Heze,35.2333,115.4333,China,8750000.0
Ganzhou,25.8292,114.9336,China,8677600.0
Tongshan,34.261,117.1859,China,8669000.0
Chicago,41.8373,-87.6862,United States,8604203.0
Handan,36.6116,114.4894,China,8499000.0
Luanda,-8.8383,13.2344,Angola,8417000.0
Fuyang,32.8986,115.8045,China,8360000.0
Kuala Lumpur,3.1478,101.6953,Malaysia,8285000.0
Jining,35.4,116.5667,China,8023000.0
Dongguan,23.0475,113.7493,China,7981000.0
Hanoi,21.0245,105.8412,Vietnam,7785000.0
Pune,18.5196,73.8553,India,7764000.0
Chongqing,29.55,106.5069,China,7739000.0
Changchun,43.9,125.2,China,7674439.0
Zhumadian,32.9773,114.0253,China,7640000.0
Ningbo,29.875,121.5492,China,7639000.0
Onitsha,6.1667,6.7833,Nigeria,7635000.0
Nanjing,32.05,118.7667,China,7496000.0
Hefei,31.8639,117.2808,China,7457027.0
Ahmadabad,23.03,72.58,India,7410000.0
Hong Kong,22.305,114.185,Hong Kong,7347000.0
Nantong,31.9829,120.8873,China,7282835.0
Khartoum,15.6031,32.5265,Sudan,7282000.0
Yancheng,33.3936,120.1339,China,7260240.0
Foshan,23.0292,113.1056,China,7194311.0
Nanning,22.8192,108.315,China,7153300.0
Hengyang,26.8968,112.5857,China,7148344.0
Xi'an,34.2667,108.9,China,7135000.0
Shenyang,41.8039,123.4258,China,7105000.0
Tangshan,39.6292,118.1742,China,7100000.0
Shaoyang,27.2418,111.4725,China,7071000.0
Changsha,28.1987,112.9709,China,7044118.0
Santiago,-33.45,-70.6667,Chile,7007000.0
Zhengzhou,34.7492,113.6605,China,7005000.0
Zhanjiang,21.1967,110.4031,China,6900000.0
Riyadh,24.65,46.71,Saudi Arabia,6881000.0
Cangzhou,38.3037,116.8452,China,6800000.0
Maoming,21.6618,110.9178,China,6706000.0
Dar es Salaam,-6.8,39.2833,Tanzania,6698000.0
Huanggang,30.45,114.875,China,6667000.0
Xinyang,32.1264,114.0672,China,6634000.0
Shangrao,28.4419,117.9633,China,6579714.0
Luoyang,34.6587,112.4245,China,6549941.0
Bijie,27.3019,105.2863,China,6537498.0
Yantai,37.3997,121.2664,China,6516900.0
Quanzhou,24.9139,118.5858,China,6480000.0
Hangzhou,30.25,120.1675,China,6446000.0
Miami,25.7839,-80.2102,United States,6445545.0
Kunming,25.0433,102.7061,China,6250000.0
Nanchong,30.7991,106.0784,China,6183000.0
Zunyi,27.705,106.9336,China,6127009.0
Lu'an,31.7542,116.5078,China,6090000.0
Yichun,27.8041,114.383,China,6048700.0
Taizhou,28.6583,121.4221,China,5968838.0
Liaocheng,36.45,115.9833,China,5955300.0
Qujing,25.5102,103.8029,China,5855055.0
Xiangyang,32.0654,112.1531,China,5844000.0
Surat,21.17,72.83,India,5807000.0
Baghdad,33.35,44.4167,Iraq,5796000.0
Qingdao,36.1167,120.4,China,5775000.0
Singapore,1.3,103.8,Singapore,5745000.0
Dallas,32.7936,-96.7662,United States,5743938.0
Changde,29.0397,111.6839,China,5717200.0
Dazhou,31.2152,107.4947,China,5693000.0
Suzhou,33.6333,116.9683,China,5690000.0
Philadelphia,40.0077,-75.1339,United States,5649300.0
Jieyang,23.5533,116.3649,China,5634000.0
Nairobi,-1.2864,36.8172,Kenya,5545000.0
Nangandao,35.2992,113.8851,China,5516000.0
Ankara,39.93,32.85,Turkey,5503985.0
Tai'an,36.2001,117.0809,China,5499000.0
Yulin,22.6293,110.1507,China,5487368.0
Dezhou,37.4513,116.3105,China,5470000.0
Houston,29.7863,-95.3889,United States,5464251.0
Atlanta,33.7627,-84.4224,United States,5449398.0
Rangoon,16.8,96.15,Burma,5430000.0
Toronto,43.7417,-79.3733,Canada,5429524.0
Suihua,46.6384,126.9808,China,5420000.0
Washington,38.9047,-77.0163,United States,5379184.0
Qiqihar,47.3398,123.9512,China,5367003.0
Jinhua,29.1046,119.6494,China,5361572.0
Saint Petersburg,59.95,30.3167,Russia,5351935.0
Shantou,23.3735,116.6941,China,5319028.0
Sydney,-33.865,151.2094,Australia,5312163.0
Weinan,34.4996,109.4684,China,5300000.0
Suqian,33.9331,118.2831,China,5290000.0
Guadalajara,20.6767,-103.3475,Mexico,5253000.0
Suzhou,31.304,120.6164,China,5250000.0
Fuzhou,26.0769,119.2917,China,5245000.0
Zhaotong,27.3328,103.7144,China,5213521.0
Pudong,31.2231,121.5397,China,5187200.0
Yongzhou,26.4515,111.5953,China,5180235.0
Belo Horizonte,-19.8917,-43.9478,Brazil,5159000.0
Zhangzhou,24.5093,117.6612,China,5140000.0
Bozhou,33.8626,115.7742,China,5100000.0
Melbourne,-37.8136,144.9631,Australia,5078193.0
Nanchang,28.6842,115.8872,China,5042565.0
Xianyang,34.35,108.7167,China,5040000.0
Taizhou,32.4831,119.9,China,5031000.0
Abidjan,5.3364,-4.0267,Côte D’Ivoire,4980000.0
Surabaya,-7.2458,112.7378,Indonesia,4975000.0
Ji'an,27.1172,114.9793,China,4956600.0
Mianyang,31.4669,104.7385,China,4945000.0
Shaoxing,30.0,120.5833,China,4912239.0
Alexandria,31.2,29.9167,Egypt,4870000.0
Yuncheng,35.0304,110.998,China,4860000.0
Pingdingshan,33.735,113.2999,China,4838000.0
Huai'an,33.5,119.1331,China,4799889.0
Xinpu,34.5906,119.1801,China,4790000.0
Guilin,25.2667,110.2833,China,4747963.0
Huaihua,27.5494,109.9592,China,4741948.0
Jiujiang,29.7048,116.0021,China,4728778.0
Anqing,30.5,117.0333,China,4723000.0
Boston,42.3188,-71.0846,United States,4688346.0
Huanglongsi,34.7936,114.3403,China,4676159.0
Xiaoganzhan,30.9273,113.911,China,4665000.0
Changzhou,31.8122,119.9692,China,4592431.0
Barcelona,41.3825,2.1769,Spain,4588000.0
Chenzhou,25.7989,113.0267,China,4581778.0
Wuxi,31.5667,120.2833,China,4580000.0
Zibo,36.7831,118.0497,China,4530597.0
Jiaxing,30.7522,120.75,China,4501657.0
Dalian,38.9131,121.61,China,4480000.0
Yangzhou,32.3912,119.4363,China,4459000.0
Harbin,45.75,126.6333,China,4458000.0
Yibin,28.7596,104.64,China,4456000.0
Jiangmen,22.5833,113.0833,China,4448871.0
Johannesburg,-26.2044,28.0416,South Africa,4434827.0
Meizhou,24.2998,116.1191,China,4378800.0
Chifeng,42.2663,118.9223,China,4376600.0
Casablanca,33.5992,-7.62,Morocco,4370000.0
Guiyang,26.5794,106.7078,China,4365000.0
Langfang,39.5196,116.7006,China,4358839.0
Zhangjiakou,40.8108,114.8811,China,4345491.0
Izmir,38.4127,27.1384,Turkey,4320519.0
Linfen,36.0812,111.5087,China,4316610.0
Wenzhou,27.9991,120.6561,China,4310000.0
Monterrey,25.6667,-100.3,Mexico,4295000.0
Luzhou,28.8918,105.4409,China,4291000.0
Jiangguanchi,34.0244,113.8201,China,4289000.0
Neijiang,29.5872,105.0635,China,4238000.0
Phoenix,33.5722,-112.0891,United States,4219697.0
Yanjiang,30.1256,104.6397,China,4217000.0
Yiyang,28.5833,112.3333,China,4174000.0
Zhaoqing,23.047,112.465,China,4151700.0
Hengshui,37.7348,115.686,China,4150000.0
Guigang,23.0961,109.6092,China,4118808.0
Xiaoxita,30.7083,111.2803,China,4115000.0
Xiamen,24.4797,118.0819,China,4110000.0
Chuzhou,32.3062,118.3115,China,4110000.0
Fuzhou,27.9814,116.3577,China,4047200.0
Amman,31.95,35.9333,Jordan,4007526.0
Jeddah,21.5428,39.1728,Saudi Arabia,3976000.0
Sialkot City,32.5,74.5333,Pakistan,3893672.0
Huizhou,23.1115,114.4152,China,3875000.0
Qingyuan,23.6842,113.0507,China,3874000.0
Zhuzhou,27.8407,113.1469,China,3855609.0
Wuhu,31.334,118.3622,China,3842100.0
Hechi,23.0965,109.6091,China,3830000.0
Seattle,47.6211,-122.3244,United States,3789215.0
Loudi,27.7378,111.9974,China,3785627.0
Binzhou,37.3806,118.0125,China,3779200.0
Liuzhou,24.3181,109.4069,China,3758704.0
Yokohama,35.4333,139.6333,Japan,3748781.0
Baojishi,34.3609,107.1751,China,3738700.0
Guang'an,30.4673,106.6336,China,3723000.0
Hanzhong,33.0794,107.026,China,3700000.0
Kabul,34.5328,69.1658,Afghanistan,3678034.0
Zaozhuang,34.8667,117.55,China,3650000.0
Anshan,41.1066,122.9895,China,3645884.0
Berlin,52.5167,13.3833,Germany,3644826.0
Deyang,31.1289,104.395,China,3636000.0
Lanzhou,36.0617,103.8318,China,3616163.0
Chengde,40.9739,117.9322,China,3610000.0
San Francisco,37.7562,-122.443,United States,3592294.0
Puyang,35.7639,115.03,China,3580000.0
Suining,30.5098,105.5737,China,3556000.0
Jiaozuo,35.229,113.2304,China,3540101.0
Bengbu,32.9354,117.3531,China,3525000.0
Montreal,45.5089,-73.5617,Canada,3519595.0
Detroit,42.3834,-83.1024,United States,3506126.0
Baicheng,23.901,106.6194,China,3466758.0
Busan,35.1,129.0403,"Korea, South",3440484.0
Algiers,36.7764,3.0586,Algeria,3415811.0
Qincheng,34.5809,105.7311,China,3400000.0
Taiyuan,37.8733,112.5425,China,3398000.0
Lucknow,26.847,80.947,India,3382000.0
Chaoyang,41.5757,120.4486,China,3370000.0
Hechi,24.6928,108.085,China,3369251.0
Leshan,29.5854,103.7575,China,3364000.0
Yulinshi,38.2655,109.7388,China,3328000.0
Siping,43.1715,124.3644,China,3300000.0
Madrid,40.4189,-3.6919,Spain,3266126.0
Jinan,36.6667,116.9833,China,3250000.0
Changzhi,36.1953,113.097,China,3230000.0
Shiyan,32.6351,110.7755,China,3228000.0
San Diego,32.8312,-117.1225,United States,3220118.0
Faisalabad,31.418,73.079,Pakistan,3203846.0
Santa Cruz,-17.7892,-63.1975,Bolivia,3151676.0
Bazhou,31.8576,106.7559,China,3134000.0
Zhongshan,22.5333,113.35,China,3121275.0
Zhenjiang,32.2109,119.4551,China,3113384.0
Urumqi,43.825,87.6,China,3112559.0
Tongliao,43.6172,122.264,China,3094600.0
Heyuan,23.7503,114.6923,China,3093900.0
Tongren,27.7233,109.1885,China,3093204.0
Qinzhou,21.95,108.6167,China,3079721.0
Jaipur,26.9167,75.8667,India,3073350.0
Xinzhou,38.4178,112.7233,China,3067501.0
Addis Ababa,9.0272,38.7369,Ethiopia,3041002.0
Giza,29.987,31.2118,Egypt,3021542.0
Meishan,30.0575,103.8381,China,3020000.0
Brasilia,-15.7744,-48.0773,Brazil,3015268.0
Mashhad,36.3069,59.6042,Iran,3001184.0
Jinzhou,41.1144,121.1292,China,3000000.0
Tieling,42.2841,123.8365,China,3000000.0
Shaoguan,24.8011,113.5927,China,2997600.0
Shanwei,22.7664,115.3331,China,2990000.0
Minneapolis,44.9635,-93.2678,United States,2977172.0
Kyiv,50.45,30.5236,Ukraine,2967000.0
Sanaa,15.35,44.2,Yemen,2957000.0
Quezon City,14.6333,121.0333,Philippines,2936116.0
Dingxi,35.5806,104.6263,China,2930000.0
Salvador,-12.9708,-38.5108,Brazil,2921087.0
Incheon,37.4639,126.6486,"Korea, South",2913024.0
Ningde,26.6667,119.5167,China,2910000.0
Tampa,27.9942,-82.4451,United States,2908063.0
Daqing,46.5979,125.008,China,2904532.0
Bursa,40.1833,29.0667,Turkey,2901396.0
Putian,25.4394,119.0103,China,2900000.0
Birmingham,52.48,-1.9025,United Kingdom,2897303.0
Huzhou,30.8695,120.0958,China,2893542.0
Wuzhou,23.4833,111.3167,China,2882200.0
Denver,39.7621,-104.8759,United States,2876625.0
Rome,41.8931,12.4828,Italy,2872800.0
La Paz,-16.4942,-68.1475,Bolivia,2867504.0
Pyongyang,39.03,125.73,"Korea, North",2863000.0
Kano,12.0,8.5167,Nigeria,2828861.0
Omdurman,15.6835,32.4629,Sudan,2805396.0
Taichung,24.15,120.6667,Taiwan,2803894.0
Zigong,29.3498,104.7645,China,2800000.0
Qinhuangdao,39.9398,119.5881,China,2800000.0
Mudanjiang,44.5861,129.5997,China,2790000.0
Huludao,40.7094,120.8378,China,2787000.0
Kaohsiung,22.6167,120.3,Taiwan,2773533.0
Xiangtan,27.8431,112.9228,China,2748552.0
Guayaquil,-2.1833,-79.8833,Ecuador,2723665.0
Rizhao,35.4164,119.4331,China,2720000.0
Manchester,53.4794,-2.2453,United Kingdom,2705000.0
Cawnpore,26.4725,80.3311,India,2701324.0
Baotou,40.6562,109.8345,China,2700000.0
Nanping,26.6448,118.1728,China,2690000.0
Taipei,25.0478,121.5319,Taiwan,2684567.0
Longyan,25.0881,117.0244,China,2640000.0
Hohhot,40.8151,111.6629,China,2635000.0
Ibadan,7.3964,3.9167,Nigeria,2628000.0
Chaozhou,23.67,116.63,China,2620000.0
Longba,33.535,105.349,China,2614000.0
Antananarivo,-18.9386,47.5214,Madagascar,2610000.0
Weihai,37.5,122.1,China,2596753.0
Santo Domingo,18.4764,-69.8933,Dominican Republic,2581827.0
Chattogram,22.335,91.8325,Bangladesh,2581643.0
Xuanzhou,30.9475,118.7518,China,2580000.0
Sanming,26.2658,117.6302,China,2580000.0
Brooklyn,40.6501,-73.9496,United States,2559903.0
Medellin,6.2447,-75.5748,Colombia,2529403.0
Brisbane,-27.4678,153.0281,Australia,2514184.0
Baoshan,25.1211,99.169,China,2506491.0
Dubai,25.2697,55.3094,United Arab Emirates,2502715.0
Qinbaling,35.7278,107.64,China,2500000.0
Luohe,33.583,114.0109,China,2500000.0
Mirzapur,25.15,82.58,India,2496970.0
Guangyuan,32.4353,105.8398,China,2484122.0
Cali,3.44,-76.5197,Colombia,2471474.0
Daegu,35.8667,128.6,"Korea, South",2461002.0
Fortaleza,-3.7275,-38.5275,Brazil,2452185.0
Guatemala City,14.6099,-90.5252,Guatemala,2450212.0
Douala,4.05,9.7,Cameroon,2446945.0
Yaounde,3.8578,11.5181,Cameroon,2440462.0
Lincang,23.8864,100.0871,China,2429497.0
Antalya,36.9081,30.6956,Turkey,2426356.0
Lianshan,40.7503,120.83,China,2426000.0
Tashkent,41.3,69.2667,Uzbekistan,2424100.0
Huangshi,30.2018,115.0326,China,2419000.0
Huainan,32.4831,117.0164,China,2409000.0
Nagpur,21.1539,79.0831,India,2405665.0
Dandong,40.1167,124.3833,China,2400000.0
Shangzhou,33.868,109.9244,China,2400000.0
Jilin,43.85,126.55,China,2396000.0
Bandung,-6.95,107.5667,Indonesia,2394873.0
Tijuana,32.525,-117.0333,Mexico,2384609.0
Ghaziabad,28.6667,77.4167,India,2381452.0
Bekasi,-6.2333,107.0,Indonesia,2381053.0
Jiamusi,46.8081,130.3653,China,2360000.0
Yangjiang,21.8556,111.9627,China,2357000.0
Yuxi,24.3495,102.5432,China,2303518.0
Fushun,41.8708,123.8917,China,2300000.0
Anshun,26.2456,105.934,China,2297612.0
Accra,5.6037,-0.187,Ghana,2291352.0
Vancouver,49.25,-123.1,Canada,2264823.0
Tangerang,-6.1783,106.6319,Indonesia,2237006.0
Konya,37.8714,32.4847,Turkey,2232374.0
Queens,40.7498,-73.7976,United States,2230722.0
Adana,37.0,35.325,Turkey,2220125.0
Yingkou,40.6653,122.2297,China,2220000.0
Sanmenxia,34.7736,111.195,China,2213000.0
Medan,3.6667,98.6667,Indonesia,2210625.0
Ma'anshan,31.7135,118.3605,China,2202899.0
Indore,22.7206,75.8472,India,2201927.0
Pingliang,35.5412,106.6819,China,2190000.0
Quzhou,28.9545,118.8763,China,2185000.0
Baku,40.3667,49.8352,Azerbaijan,2181800.0
Gaoping,30.7804,106.13,China,2174000.0
Huaibei,33.9562,116.789,China,2158000.0
Xining,36.6239,101.7787,China,2154000.0
Yan'an,36.5952,109.4863,China,2150000.0
Havana,23.1367,-82.3589,Cuba,2141652.0
Phnom Penh,11.5696,104.921,Cambodia,2129371.0
Fukuoka,33.5903,130.4019,Japan,2128000.0
Jincheng,35.4906,112.8483,China,2120000.0
Mogadishu,2.0408,45.3425,Somalia,2120000.0
Lishui,28.45,119.9167,China,2116957.0
Qingyang,24.8141,118.5792,China,2111000.0
Riverside,33.9381,-117.3948,United States,2107852.0
Baltimore,39.3051,-76.6144,United States,2106068.0
Las Vegas,36.2333,-115.2654,United States,2104198.0
Haiphong,20.8,106.6667,Vietnam,2103500.0
Laibin,23.7333,109.2333,China,2099711.0
Rawalpindi,33.6007,73.0679,Pakistan,2098231.0
Portland,45.5372,-122.65,United States,2074775.0
Kumasi,6.6833,-1.6167,Ghana,2069350.0
Vadodara,22.3,73.2,India,2065771.0
Perth,-31.9522,115.8589,Australia,2059484.0
Puning,23.2993,116.1586,China,2055552.0
San Antonio,29.4658,-98.5253,United States,2049293.0
Haikou,20.02,110.32,China,2046189.0
Vishakhapatnam,17.7333,83.3167,India,2035922.0
Gaziantep,37.0667,37.3833,Turkey,2028563.0
St. Louis,38.6358,-90.2451,United States,2024074.0
Minsk,53.9022,27.5618,Belarus,2020600.0
Quito,-0.2186,-78.5097,Ecuador,2011388.0
Bamako,12.6458,-7.9922,Mali,2009109.0
Pingxiang,27.6333,113.85,China,2001027.0
Chongzuo,22.4167,107.3667,China,1994285.0
Sanliurfa,37.1583,38.7917,Turkey,1985753.0
Kananga,-5.897,22.4488,Congo (Kinshasa),1971704.0
Peshawar,34.0,71.5,Pakistan,1970042.0
Sapporo,43.0621,141.3544,Japan,1958756.0
Jixi,45.2937,130.965,China,1950000.0
Caracas,10.5,-66.9333,Venezuela,1943901.0
Fuxin,42.0127,121.6486,China,1930000.0
Leeds,53.7997,-1.5492,United Kingdom,1901934.0
Sacramento,38.5667,-121.4683,United States,1898019.0
Blantyre,-15.7861,35.0058,Malawi,1895973.0
Wuwei,37.9278,102.6329,China,1890000.0
Tainan,22.9833,120.1833,Taiwan,1883831.0
Bucharest,44.4,26.0833,Romania,1883425.0
Bhopal,23.25,77.4167,India,1883381.0
Curitiba,-25.4297,-49.2719,Brazil,1879355.0
Xiping,40.08,113.3,China,1873000.0
Asuncion,-25.3,-57.6333,Paraguay,1870000.0
Saidu Sharif,34.75,72.3572,Pakistan,1860310.0
Hamburg,53.55,10.0,Germany,1841179.0
Vienna,48.2083,16.3731,Austria,1840573.0
Aleppo,36.2,37.15,Syria,1834093.0
Meru,0.05,37.65,Kenya,1833000.0
Brazzaville,-4.2667,15.2833,Congo (Brazzaville),1827000.0
Orlando,28.4772,-81.3369,United States,1822394.0
Mersin,36.8,34.6167,Turkey,1814468.0
Almaty,43.25,76.9,Kazakhstan,1806833.0
Kyoto,35.0111,135.7669,Japan,1805000.0
Manaus,-3.1,-60.0167,Brazil,1802014.0
Liaoyang,41.2643,123.1772,China,1800000.0
Baiyin,36.5448,104.1766,China,1799000.0
San Jose,37.3019,-121.8486,United States,1798103.0
Barranquilla,10.96,-74.8,Colombia,1798000.0
Warsaw,52.2167,21.0333,Poland,1790658.0
Shengli,37.45,118.4667,China,1790000.0
Lubumbashi,-11.6697,27.4581,Congo (Kinshasa),1786397.0
Shuyangzha,34.1299,118.7734,China,1770000.0
Esfahan,32.6447,51.6675,Iran,1756126.0
Damascus,33.5131,36.2919,Syria,1754000.0
Shangqiu,34.4504,115.65,China,1753000.0
Budapest,47.4983,19.0408,Hungary,1752286.0
Heihe,50.2458,127.4886,China,1750000.0
Lusaka,-15.4167,28.2833,Zambia,1742979.0
Diyarbakir,37.9108,40.2367,Turkey,1732396.0
Chinchvad,18.6278,73.8131,India,1729320.0
Shuozhou,39.3408,112.4292,China,1714857.0
Cleveland,41.4767,-81.6804,United States,1710093.0
Vitoria,-20.324,-40.366,Brazil,1704000.0
Pittsburgh,40.4396,-79.9762,United States,1703266.0
Mecca,21.4225,39.8261,Saudi Arabia,1700000.0
Mosul,36.3667,43.1167,Iraq,1694000.0
Austin,30.3004,-97.7522,United States,1687311.0
Patna,25.61,85.1414,India,1684222.0
Sanzhou,30.82,108.4,China,1680000.0
Conakry,9.5092,-13.7122,Guinea,1667864.0
Cincinnati,39.1413,-84.5061,United States,1662691.0
Kampala,0.3136,32.5811,Uganda,1659600.0
Ecatepec,19.6097,-99.06,Mexico,1656107.0
Yushan,31.3867,120.9766,China,1651200.0
Makassar,-5.1331,119.4136,Indonesia,1651146.0
Newcastle,55.0077,-1.6578,United Kingdom,1650000.0
Ludhiana,30.9083,75.8486,India,1649000.0
Kansas City,39.1239,-94.5541,United States,1636715.0
Davao,7.0667,125.6,Philippines,1632991.0
Zhongli,24.965,121.2168,Taiwan,1632616.0
Depok,-6.394,106.8225,Indonesia,1631951.0
Manhattan,40.7834,-73.9662,United States,1628706.0
Rabat,34.0253,-6.8361,Morocco,1628000.0
Ouagadougou,12.3572,-1.5353,Burkina Faso,1626950.0
Semarang,-6.9667,110.4167,Indonesia,1621384.0
Yinchuan,38.4795,106.2254,China,1616000.0
Multan,30.1978,71.4711,Pakistan,1606481.0
Harare,-17.8292,31.0522,Zimbabwe,1606000.0
Chengtangcun,35.0833,117.15,China,1603659.0
Novosibirsk,55.0333,82.9167,Russia,1602915.0
Karaj,35.8327,50.9915,Iran,1592492.0
Indianapolis,39.7771,-86.1458,United States,1588961.0
Jingdezhen,29.2942,117.2036,China,1587477.0
Agra,27.18,78.02,India,1585705.0
Caloocan City,14.65,120.9667,Philippines,1583978.0
Kalyan,19.2502,73.1602,India,1576614.0
Puebla,19.0333,-98.1833,Mexico,1576259.0
Gujranwala,32.15,74.1833,Pakistan,1569090.0
Benxi,41.292,123.761,China,1567000.0
Columbus,39.9862,-82.985,United States,1562009.0
Zhuhai,22.2769,113.5678,China,1562000.0
Madurai,9.9197,78.1194,India,1561129.0
Tabriz,38.0833,46.2833,Iran,1558693.0
Jamshedpur,22.8,86.1833,India,1558000.0
Recife,-8.0539,-34.8808,Brazil,1555039.0
Maracaibo,10.6333,-71.6333,Venezuela,1551539.0
Santiago,19.5,-70.67,Dominican Republic,1550753.0
Beihai,21.4667,109.1,China,1539251.0
Shuangyashan,46.6388,131.1545,China,1530000.0
Kobe,34.6913,135.183,Japan,1522944.0
Charlotte,35.208,-80.8304,United States,1512923.0
Yucheng,29.9888,103.0007,China,1512000.0
Changshu,31.65,120.7333,China,1510100.0
Ximeicun,24.9633,118.3811,China,1508000.0
Jianguang,28.1958,115.7833,China,1507402.0
Xushan,30.1697,121.2665,China,1502000.0
Gwangju,35.1667,126.9167,"Korea, South",1501557.0
Guiping,23.4,110.0833,China,1496904.0
Nasik,20.0,73.7833,India,1486053.0
Zhangjiajie,29.1255,110.4844,China,1486000.0
Porto Alegre,-30.0328,-51.23,Brazil,1484941.0
Valencia,10.1667,-68.0,Venezuela,1484430.0
Virginia Beach,36.7335,-76.0435,United States,1478868.0
Daejeon,36.351,127.385,"Korea, South",1475221.0
Munich,48.1372,11.5755,Germany,1471508.0
Yunfu,22.9242,112.0353,China,1470000.0
Huangshan,29.7132,118.3151,China,1470000.0
Yekaterinburg,56.8356,60.6128,Russia,1468833.0
Huazhou,32.6832,112.079,China,1468061.0
Auckland,-36.85,174.7833,New Zealand,1467800.0
Shiraz,29.61,52.5425,Iran,1460665.0
Pizhou,34.3422,118.0097,China,1458038.0
Leon de los Aldama,21.1167,-101.6833,Mexico,1454793.0
Palembang,-2.9833,104.7644,Indonesia,1452456.0
Kharkiv,50.0,36.2292,Ukraine,1446107.0
Lianjiang,21.6146,110.2794,China,1443099.0
Kawanakajima,35.53,139.705,Japan,1437266.0
Chizhou,30.6583,117.4849,China,1430000.0
Leizhou,20.9147,110.0806,China,1427664.0
Guyuan,36.008,106.2782,China,1426000.0
Rui'an,27.778,120.6526,China,1424667.0
Birstall,52.6736,-1.12,United Kingdom,1424216.0
Muscat,23.6139,58.5922,Oman,1421409.0
Hebi,35.7497,114.2887,China,1419000.0
Jingling,30.6667,113.1667,China,1418913.0
Bronx,40.8501,-73.8662,United States,1418207.0
The Hague,52.08,4.27,Netherlands,1406000.0
Owerri,5.4833,7.0333,Nigeria,1401873.0
Sharjah,25.3575,55.3919,United Arab Emirates,1400000.0
Ulaanbaatar,47.9203,106.9172,Mongolia,1396288.0
Faridabad,28.4333,77.3167,India,1394000.0
Goiania,-16.6789,-49.2539,Brazil,1393575.0
Belem,-1.4558,-48.5039,Brazil,1393399.0
Kayseri,38.7333,35.4833,Turkey,1389680.0
Yueqing,28.1188,120.9621,China,1389332.0
Pingdu,36.7833,119.9556,China,1378900.0
Belgrade,44.8167,20.4667,Serbia,1378682.0
Aurangabad,19.88,75.32,India,1371330.0
Yutan,28.3147,112.554,China,1368117.0
Wenling,28.3797,121.3718,China,1366794.0
Milwaukee,43.0642,-87.9673,United States,1365787.0
Islamabad,33.6989,73.0369,Pakistan,1365000.0
Sofia,42.6975,23.3241,Bulgaria,1355142.0
Milan,45.4669,9.19,Italy,1351562.0
Adelaide,-34.9289,138.6011,Australia,1345777.0
Samsun,41.2867,36.33,Turkey,1335716.0
Rajkot,22.2969,70.7984,India,1335397.0
Cordoba,-31.4167,-64.1833,Argentina,1329604.0
Guarulhos,-23.4667,-46.5333,Brazil,1324781.0
Prague,50.0833,14.4167,Czechia,1324277.0
Juarez,31.7386,-106.487,Mexico,1321004.0
Montevideo,-34.8667,-56.1667,Uruguay,1319108.0
Fuqing,25.7232,119.3735,China,1316000.0
Xintai,35.91,117.78,China,1315942.0
Doha,25.3,51.5333,Qatar,1312947.0
Khulna,22.8167,89.55,Bangladesh,1311100.0
Saitama,35.8617,139.6453,Japan,1307931.0
Hiroshima,34.3853,132.4553,Japan,1306589.0
Meerut,28.99,77.7,India,1305429.0
Yushu,44.8249,126.5451,China,1304436.0
Rongcheng,26.2312,104.0966,China,1302891.0
Yangquan,37.8576,113.5762,China,1300000.0
Mbuji-Mayi,-6.1209,23.5967,Congo (Kinshasa),1295000.0
Haicheng,40.8523,122.7474,China,1293877.0
Gaozhou,21.9392,110.8461,China,1288665.0
Yingtan,28.2333,117.0,China,1288615.0
Wuzhong,37.9874,106.1919,China,1284000.0
Zhangye,38.9355,100.4553,China,1270000.0
Jabalpur,23.1667,79.9333,India,1267564.0
Rucheng,32.3852,120.5634,China,1267066.0
Nizhniy Novgorod,56.3269,44.0075,Russia,1264075.0
Huaiyin,33.58,119.03,China,1264000.0
Thane,19.18,72.9633,India,1261517.0
Shaoyang,32.9387,119.8404,China,1253548.0
Yangshe,31.8775,120.5512,China,1253100.0
Yichun,47.7235,128.8893,China,1250000.0
Comayaguela,14.0833,-87.2167,Honduras,1250000.0
Laiwu,36.1833,117.6667,China,1248636.0
Dhanbad,23.7928,86.435,India,1246000.0
Dayan,26.8808,100.2208,China,1244769.0
Kazan,55.7908,49.1144,Russia,1243500.0
Jiangyin,31.9087,120.2653,China,1241045.0
Yongcheng,33.9317,116.4459,China,1240382.0
Calgary,51.05,-114.0667,Canada,1239220.0
Can Tho,10.0333,105.7833,Vietnam,1237300.0
Abuja,9.0556,7.4914,Nigeria,1235880.0
Suwon,37.2858,127.01,"Korea, South",1234300.0
Yiwu,29.3081,120.0698,China,1234015.0
Al Basrah,30.4889,47.81,Iraq,1225793.0
Mandalay,21.9769,96.0869,Burma,1225546.0
Beidao,34.6,105.92,China,1225000.0
Shuangshui,26.5944,104.8333,China,1221000.0
Sevilla,37.3828,-5.9731,Spain,1212045.0
Vila Velha,3.2167,-51.2167,Brazil,1209091.0
Providence,41.823,-71.4187,United States,1203230.0
Chelyabinsk,55.15,61.4,Russia,1202371.0
Qom,34.6461,50.8789,Iran,1201158.0
Allahabad,25.455,81.84,India,1201000.0
Tunis,36.8008,10.18,Tunisia,1200000.0
Mombasa,-4.05,39.6667,Kenya,1200000.0
Varanasi,25.3189,83.0128,India,1198491.0
Maiduguri,11.8333,13.15,Nigeria,1197497.0
Rosario,-32.9575,-60.6394,Argentina,1193605.0
Maputo,-25.9153,32.5764,Mozambique,1191613.0
Benin City,6.3176,5.6145,Nigeria,1190000.0
Xinyu,27.795,114.9242,China,1186700.0
Ahvaz,31.3203,48.6692,Iran,1184788.0
Jacksonville,30.3322,-81.6749,United States,1181496.0
Medina,24.4667,39.6,Saudi Arabia,1180770.0
Srinagar,34.0911,74.8061,India,1180570.0
Huazhou,21.654,110.6294,China,1178809.0
Omsk,54.9667,73.3833,Russia,1178391.0
Xiantao,30.3833,113.4,China,1175085.0
Cilacap,-7.7167,109.017,Indonesia,1174964.0
Dublin,53.3425,-6.2658,Ireland,1173179.0
Samara,53.1833,50.1167,Russia,1169719.0
Guankou,28.1417,113.625,China,1168056.0
Bandar Lampung,-5.4294,105.2625,Indonesia,1166761.0
Ulsan,35.55,129.3167,"Korea, South",1166033.0
Dingzhou,38.5158,114.9845,China,1165182.0
Campinas,-22.9009,-47.0573,Brazil,1164098.0
Lianyuan,27.6961,111.6659,China,1162928.0
Rongcheng,29.8239,112.9019,China,1162770.0
Nay Pyi Taw,19.8028,96.1583,Burma,1160242.0
Kaiyuan,36.0656,113.8153,China,1160000.0
Zhuji,29.7169,120.2314,China,1157938.0
Zapopan,20.7167,-103.4,Mexico,1155790.0
Leiyang,26.4179,112.8457,China,1151554.0
Dakar,14.7319,-17.4572,Senegal,1146053.0
Dadukou,26.5849,101.7149,China,1144000.0
Quetta,30.192,67.007,Pakistan,1140000.0
Amritsar,31.6167,74.85,India,1132383.0
Yingchuan,34.1511,113.4733,China,1131896.0
Aligarh,27.88,78.08,India,1131160.0
Callao,-12.0611,-77.1333,Peru,1129854.0
Tegucigalpa,14.0942,-87.2067,Honduras,1126534.0
Tripoli,32.8752,13.1875,Libya,1126000.0
Bhiwandi,19.3,73.0667,India,1125898.0
Rostov,47.2333,39.7167,Russia,1125299.0
Zhoushan,30.0162,122.0988,China,1121261.0
Tbilisi,41.7225,44.7925,Georgia,1118035.0
Ufa,54.7333,55.9667,Russia,1115560.0
Fes,34.0433,-5.0033,Morocco,1112072.0
Nezahualcoyotl,19.4,-98.9889,Mexico,1110565.0
Ciudad Nezahualcoyotl,19.41,-99.03,Mexico,1109363.0
Bien Hoa,10.9575,106.8426,Vietnam,1104000.0
Mexicali,32.6633,-115.4678,Mexico,1102342.0
Gwalior,26.215,78.1931,India,1101981.0
Ankang,32.6877,109.0235,China,1100000.0
Hegang,47.3139,130.2775,China,1100000.0
Ikare,7.5304,5.76,Nigeria,1099931.0
Salt Lake City,40.7777,-111.9306,United States,1098526.0
Bhilai,21.2167,81.4333,India,1097000.0
Yuyao,30.0372,121.1546,China,1095000.0
Hanchuan,30.652,113.8274,China,1092700.0
Gongzhuling,43.5036,124.8088,China,1092692.0
N'Djamena,12.11,15.05,Chad,1092066.0
Irbid,32.5556,35.85,Jordan,1088100.0
Cologne,50.9422,6.9578,Germany,1085664.0
Copenhagen,55.6786,12.5635,Denmark,1085000.0
Krasnoyarsk,56.0167,92.8667,Russia,1083865.0
Yicheng,31.3697,119.8239,China,1082929.0
Mizhou,36.0,119.4167,China,1081960.0
Nashville,36.1715,-86.7843,United States,1081903.0
Nur-Sultan,51.1333,71.4333,Kazakhstan,1078362.0
Nouakchott,18.0783,-15.9744,Mauritania,1077169.0
Haora,22.59,88.31,India,1077075.0
Yerevan,40.1814,44.5144,Armenia,1075800.0
Richmond,37.5295,-77.4756,United States,1075798.0
Vereeniging,-26.6736,27.9319,South Africa,1074000.0
Taixing,32.1724,120.0142,China,1073921.0
Sao Luis,-2.53,-44.3028,Brazil,1073893.0
San Pedro Sula,15.5,-88.0333,Honduras,1073824.0
Ranchi,23.3556,85.3347,India,1073440.0
Memphis,35.1046,-89.9773,United States,1066967.0
Edmonton,53.5344,-113.4903,Canada,1062643.0
Goyang,37.6564,126.835,"Korea, South",1061929.0
Xishan,27.6609,113.4946,China,1060000.0
Barquisimeto,10.0678,-69.3467,Venezuela,1059092.0
Sendai,38.2683,140.8694,Japan,1058070.0
Bezwada,16.5167,80.6167,India,1048240.0
Perm,58.0139,56.2489,Russia,1048005.0
Voronezh,51.6717,39.2106,Russia,1047549.0
Changwon,35.2281,128.6811,"Korea, South",1046054.0
Zhongwei,37.5139,105.1884,China,1046000.0
Shouguang,36.8833,118.7333,China,1039205.0
Raleigh,35.8325,-78.6435,United States,1038738.0
Cartagena,10.4236,-75.5253,Colombia,1036412.0
Matola,-25.9667,32.4667,Mozambique,1032197.0
Ogbomoso,8.1333,4.25,Nigeria,1032000.0
Ashgabat,37.95,58.3833,Turkmenistan,1031992.0
Amsterdam,52.35,4.9166,Netherlands,1031000.0
E'zhou,30.3972,114.8842,China,1031000.0
Bogor,-6.6,106.8,Indonesia,1030720.0
Tekirdag,40.9833,27.5167,Turkey,1029927.0
Patam,1.0678,104.0167,Indonesia,1029808.0
Maceio,-9.6658,-35.735,Brazil,1029129.0
Linhai,28.8523,121.1409,China,1028813.0
Managua,12.15,-86.2667,Nicaragua,1028808.0
Bishkek,42.8667,74.5667,Kyrgyzstan,1027200.0
Niamey,13.5086,2.1111,Niger,1026848.0
Chandigarh,30.7353,76.7911,India,1026459.0
Shubra al Khaymah,30.1286,31.2422,Egypt,1025569.0
Wafangdian,39.6271,121.9972,China,1024876.0
Zhongxiang,31.169,112.5853,China,1022514.0
Monrovia,6.3106,-10.8047,Liberia,1021762.0
New Orleans,30.0687,-89.9288,United States,1020886.0
Shymkent,42.3,69.6,Kazakhstan,1018974.0
Volgograd,48.7,44.4833,Russia,1015586.0
Mysore,12.3086,76.6531,India,1014227.0
Odesa,46.4775,30.7326,Ukraine,1010783.0
Raipur,21.2379,81.6337,India,1010087.0
Arequipa,-16.3988,-71.5369,Peru,1008290.0
Nice,43.7034,7.2663,France,1006402.0
Port Harcourt,4.75,7.0,Nigeria,1005904.0
Louisville,38.1663,-85.6485,United States,1005654.0
Rotterdam,51.92,4.48,Netherlands,1005000.0
Zaoyang,32.1287,112.7581,China,1004741.0
Shuizhai,33.4433,114.8994,China,1003698.0
Kota,25.18,75.83,India,1001694.0
Quang Ha,16.06,108.25,Vietnam,1000000.0
Abu Dhabi,24.4781,54.3686,United Arab Emirates,1000000.0
Bareilly,28.364,79.415,India,1000000.0
Kitaku,33.8704,130.82,Japan,997536.0
Jodhpur,26.2918,73.0168,India,995000.0
Xingcheng,24.1681,115.6669,China,993000.0
Dongtai,32.8534,120.3037,China,990306.0
Ottawa,45.4247,-75.695,Canada,989567.0
Joinvile,-26.32,-48.8399,Brazil,988000.0
Port-au-Prince,18.5425,-72.3386,Haiti,987310.0
Yingcheng,24.1876,113.4042,China,986400.0
Glasgow,55.8609,-4.2514,United Kingdom,985290.0
Dnipro,48.45,34.9833,Ukraine,983836.0
Danyang,31.9948,119.575,China,980662.0
Natal,-6.9838,-60.2699,Brazil,980588.0
Chiba,35.6,140.1,Japan,980203.0
Zhaodong,46.0635,125.9773,China,980000.0
Xibeijie,39.737,98.5049,China,977600.0
Kathmandu,27.7167,85.3667,Nepal,975453.0
Kirkuk,35.4667,44.4,Iraq,975000.0
Oklahoma City,35.4676,-97.5136,United States,972943.0
Stockholm,59.3294,18.0686,Sweden,972647.0
Huilong,31.8131,121.6574,China,972525.0
Naples,40.8333,14.25,Italy,972212.0
Tongjin,37.2361,127.2011,"Korea, South",971327.0
Toulouse,43.6045,1.444,France,968638.0
Denizli,37.7731,29.0878,Turkey,963464.0
Asmara,15.3333,38.9167,Eritrea,963000.0
Coimbatore,11.0,76.9667,India,959823.0
Luocheng,22.7645,111.5745,China,959006.0
Dispur,26.15,91.77,India,957352.0
Guwahati,26.1667,91.7667,India,957352.0
Shima,24.4475,117.8118,China,956400.0
Solapur,17.6833,75.9167,India,951558.0
Freetown,8.4833,-13.2331,Sierra Leone,951000.0
Songnam,37.4386,127.1378,"Korea, South",948757.0
Tangier,35.7847,-5.8125,Morocco,947952.0
Anqiu,36.3619,119.1072,China,947723.0
Feicheng,36.186,116.772,China,946627.0
Taishan,22.2486,112.785,China,941095.0
Khartoum North,15.6333,32.6333,Sudan,936349.0
Meishan,34.1736,112.839,China,936000.0
Kisangani,0.5153,25.1911,Congo (Kinshasa),935977.0
Aguascalientes,21.876,-102.296,Mexico,934424.0
Nada,19.5,109.5833,China,932356.0
Taihecun,45.768,131.0063,China,930000.0
Donetsk,48.0089,37.8042,Ukraine,929063.0
Marrakech,31.6295,-7.9811,Morocco,928850.0
Wuchuan,21.4571,110.7659,China,927275.0
Taihe,30.8706,105.3784,China,924531.0
Bridgeport,41.1918,-73.1953,United States,924449.0
Cebu City,10.3,123.9,Philippines,922611.0
Olinda,-8.0,-34.85,Brazil,921840.0
Xin'an,34.3662,118.3369,China,920628.0
Trujillo,-8.1119,-79.0289,Peru,919899.0
Jerusalem,31.7833,35.2167,Israel,919438.0
Trichinopoly,10.8269,78.6928,India,916857.0
Padang,-0.9556,100.3606,Indonesia,914970.0
Buffalo,42.9016,-78.8487,United States,914341.0
Qingzhou,36.6967,118.4797,China,914047.0
Xinyi,22.3559,110.9369,China,913708.0
Lichuan,30.2965,108.9378,China,913700.0
Daye,30.1003,114.9699,China,909724.0
Fort Worth,32.7811,-97.3473,United States,909585.0
Zhuanghe,39.6896,122.9664,China,905852.0
Hartford,41.7661,-72.6834,United States,905152.0
Ad Dammam,26.4333,50.1,Saudi Arabia,903312.0
Lhasa,29.65,91.1,China,902500.0
Jiaozhou,36.2481,119.9625,China,900500.0
Homs,34.7333,36.7167,Syria,900492.0
Merida,20.97,-89.62,Mexico,892363.0
Hubli,15.36,75.125,India,890000.0
Zaria,11.0667,7.7,Nigeria,889000.0
Abeokuta,7.15,3.35,Nigeria,888924.0
Tucson,32.1545,-110.8782,United States,888486.0
Dengtalu,36.08,114.35,China,887000.0
Krasnodar,45.0333,38.9833,Russia,881476.0
Panama City,9.0,-79.5,Panama,880691.0
Chihuahua,28.6353,-106.0889,Mexico,878062.0
Klang,3.0333,101.45,Malaysia,878000.0
Natal,-5.795,-35.2089,Brazil,877662.0
Novo Hamburgo,-29.7096,-51.14,Brazil,876990.0
Campo Grande,-20.4686,-54.6222,Brazil,874210.0
Laiyang,36.9758,120.7136,China,874127.0
Barinas,8.6333,-70.2167,Venezuela,873962.0
Jos,9.9333,8.8833,Nigeria,873943.0
Jalandhar,31.3256,75.5792,India,873725.0
Kaifeng Chengguanzhen,34.85,114.35,China,872000.0
Eskisehir,39.7767,30.5206,Turkey,871187.0
Turin,45.0667,7.7,Italy,870952.0
Marseille,43.2964,5.37,France,870018.0
Gaomi,36.3833,119.75,China,868715.0
Bucheon,37.4989,126.7831,"Korea, South",867678.0
Ipoh,4.6,101.07,Malaysia,866772.0
Hai'an,32.532,120.4604,China,866337.0
Liverpool,53.4,-2.9833,United Kingdom,864122.0
Zamboanga City,6.9167,122.0833,Philippines,861799.0
Weichanglu,37.1792,119.9333,China,859424.0
Portsmouth,50.8058,-1.0872,United Kingdom,855679.0
Southampton,50.9,-1.4,United Kingdom,855569.0
Pekanbaru,0.5333,101.45,Indonesia,855221.0
Leping,28.9632,117.1203,China,852800.0
Erbil,36.1911,44.0094,Iraq,852500.0
Oran,35.6969,-0.6331,Algeria,852000.0
Kermanshah,34.3167,47.0686,Iran,851405.0
Sale,34.05,-6.8167,Morocco,850403.0
Hailun,47.4585,126.9632,China,850000.0
Yangchun,22.1667,111.7833,China,849504.0
Macheng,31.1817,115.0189,China,849090.0
Omaha,41.2627,-96.0522,United States,847819.0
Ilorin,8.5,4.55,Nigeria,847582.0
Teresina,-5.0949,-42.8042,Brazil,847430.0
Saratov,51.5333,46.0,Russia,845300.0
Iguacu,-22.74,-43.47,Brazil,844583.0
El Paso,31.8479,-106.4309,United States,843386.0
Yuci,37.6804,112.73,China,840000.0
Dehui,44.5323,125.6965,China,839786.0
Bhubaneshwar,20.2644,85.8281,India,837737.0
Lome,6.1319,1.2228,Togo,837437.0
Tongchuan,34.9057,108.9422,China,835600.0
Denpasar,-8.6667,115.2167,Indonesia,834881.0
Naucalpan de Juarez,19.4753,-99.2378,Mexico,833779.0
Cheongju,36.6372,127.4897,"Korea, South",833276.0
Warri,5.5167,5.75,Nigeria,830106.0
Pointe-Noire,-4.7889,11.8653,Congo (Brazzaville),829134.0
Rongjiawan,29.3801,113.1,China,826000.0
San Luis Potosi,22.1511,-100.9761,Mexico,824229.0
Renqiu,38.7094,116.1008,China,822455.0
Butterworth,5.3942,100.3664,Malaysia,821652.0
Honolulu,21.3294,-157.846,United States,820987.0
Toluca,19.2925,-99.6569,Mexico,819561.0
Xindi,29.8182,113.4653,China,819446.0
Wu'an,36.6941,114.1847,China,819000.0
Sao Bernardo do Campo,-23.6939,-46.565,Brazil,816925.0
Wutong,30.6326,120.5474,China,815848.0
Bhayandar,19.3,72.85,India,814655.0
Hermosillo,29.0989,-110.9542,Mexico,812229.0
Gaoyou,32.7847,119.4432,China,811800.0
Yiyang,26.4103,112.3913,China,810447.0
Hejian,38.4451,116.0897,China,810306.0
Puxi,35.2125,114.735,China,809535.0
Trabzon,41.005,39.7225,Turkey,807903.0
Zijinglu,34.7513,112.9854,China,807857.0
Saltillo,25.4333,-101.0,Mexico,807537.0
Xiashi,30.5333,120.6833,China,806966.0
Taguig City,14.5167,121.05,Philippines,804915.0
Queretaro,20.5875,-100.3928,Mexico,804663.0
Dongyang,29.2785,120.2282,China,804398.0
McAllen,26.2273,-98.2471,United States,804114.0
Joao Pessoa,-7.0833,-34.8333,Brazil,801718.0
Qingping,34.538,113.3796,China,797200.0
Libreville,0.3901,9.4544,Gabon,797003.0
Niigata,37.9161,139.0364,Japan,796500.0
Valencia,39.4667,-0.375,Spain,794288.0
Hamamatsu,34.7167,137.7333,Japan,791770.0
Zagreb,45.8,15.95,Croatia,790017.0
Xiangxiang,27.7389,112.5223,China,787216.0
Moradabad,28.8418,78.7568,India,787000.0
Culiacan,24.8069,-107.3939,Mexico,785800.0
Morelia,19.7683,-101.1894,Mexico,784776.0
Xingyi,25.091,104.9011,China,783120.0
Chaohucun,31.6783,117.7353,China,782000.0
Lilongwe,-13.9833,33.7833,Malawi,781538.0
Dushanbe,38.5731,68.7864,Tajikistan,780000.0
Malang,-7.98,112.62,Indonesia,780000.0
Antipolo,14.5842,121.1763,Philippines,776386.0
Cencheng,22.9297,111.0186,China,772113.0
Fuyang,30.0533,119.9519,China,771000.0
Nottingham,52.95,-1.15,United Kingdom,768638.0
Hempstead,40.6629,-73.6089,United States,768057.0
Erzurum,39.9097,41.2756,Turkey,767848.0
Al `Ayn,24.2075,55.7447,United Arab Emirates,766936.0
Krakow,50.0614,19.9372,Poland,766739.0
Songzi,30.1772,111.7732,China,765911.0
Laixi,36.8667,120.5333,China,762900.0
Zhongba,31.7761,104.7406,China,762140.0
Cotonou,6.4,2.52,Benin,762000.0
Albuquerque,35.1053,-106.6464,United States,761195.0
Qingnian,36.8494,115.7061,China,760781.0
Kaduna,10.5231,7.4403,Nigeria,760084.0
Vientiane,17.9667,102.6,Laos,760000.0
Xinhualu,34.3962,113.7249,China,758079.0
Guangshui,31.6189,113.8229,China,755910.0
Pasig City,14.575,121.0833,Philippines,755300.0
Samarinda,-0.5022,117.1536,Indonesia,753370.0
Frankfurt,50.1136,8.6797,Germany,753056.0
Colombo,6.9167,79.8333,Sri Lanka,752993.0
Ciudad Guayana,8.3596,-62.6517,Venezuela,751331.0
Hungnam,39.8231,127.6232,"Korea, North",751322.0
Pietermaritzburg,-29.5833,30.4167,South Africa,750845.0
Tlalnepantla,19.5367,-99.1947,Mexico,750224.0
Kolhapur,16.7,74.2333,India,750000.0
Changhua,24.0667,120.5333,Taiwan,750000.0
Cucuta,7.9075,-72.5047,Colombia,750000.0
Licheng,31.4174,119.4786,China,749522.0
Kigali,-1.9536,30.0606,Rwanda,745261.0
Tyumen,57.15,65.5333,Russia,744554.0
San Cristobal,7.7682,-72.2322,Venezuela,743924.0
Thiruvananthapuram,8.5,76.8997,India,743691.0
Cancun,21.1606,-86.8475,Mexico,743626.0
Zaporizhzhia,47.8378,35.1383,Ukraine,741717.0
Pretoria,-25.7464,28.1881,South Africa,741651.0
Chengguan,35.4599,113.7975,China,740435.0
Nehe,48.48,124.8738,China,740000.0
Birmingham,33.5277,-86.7987,United States,739573.0
Kumamoto,32.8031,130.7078,Japan,739393.0
Zunhua,40.1881,117.9593,China,737011.0
Orumiyeh,37.55,45.1,Iran,736224.0
Oyo,7.8333,3.9333,Nigeria,736072.0
Wugang,26.7345,110.6293,China,734870.0
Bangui,4.3732,18.5628,Central African Republic,734350.0
Shuangqiao,35.0833,112.5833,China,733000.0
Sokoto,13.0622,5.2339,Nigeria,732178.0
Sizhan,39.0099,106.3694,China,730400.0
Langzhong,31.5833,105.972,China,728935.0
Qian'an,40.0059,118.6973,China,728160.0
Rennes,48.1147,-1.6794,France,727357.0
Zouping,36.8625,117.7424,China,726722.0
Reynosa,26.0922,-98.2778,Mexico,725793.0
Bremen,53.1153,8.7975,Germany,724909.0
An Najaf,32.029,44.3396,Iraq,724700.0
Lviv,49.8419,24.0315,Ukraine,724314.0
Bristol,51.45,-2.5833,United Kingdom,724000.0
Guli,28.9008,120.0284,China,723490.0
Sagamihara,35.5667,139.3667,Japan,722828.0
Sarasota,27.3386,-82.5431,United States,722243.0
Mississauga,43.6,-79.65,Canada,721599.0
Lingbao Chengguanzhen,34.5221,110.8786,China,721049.0
Okayama,34.65,133.9167,Japan,720865.0
Anlu,31.2575,113.6783,China,720000.0
Wusong,30.9333,117.7667,China,720000.0
Dayton,39.7797,-84.1998,United States,718353.0
Enugu,6.4403,7.4942,Nigeria,715774.0
Xichang,27.8983,102.2706,China,712434.0
Santo Andre,-23.6572,-46.5333,Brazil,710210.0
Chengxiang,31.4515,121.1043,China,709500.0
George Town,5.4145,100.3292,Malaysia,708127.0
Tolyatti,53.5167,49.4167,Russia,707408.0
Saharanpur,29.964,77.546,India,705478.0
Winnipeg,49.8844,-97.1464,Canada,705244.0
Quebec City,46.8139,-71.2081,Canada,705103.0
Dashiqiao,40.6328,122.5021,China,704891.0
Warangal,17.9756,79.6011,India,704570.0
Rochester,43.168,-77.6162,United States,703952.0
Fresno,36.7831,-119.7941,United States,703498.0
Jaboatao,-8.1803,-35.0014,Brazil,702621.0
Latakia,35.5236,35.7917,Syria,700000.0
Changsha,22.3762,112.6877,China,699242.0
Soledad,10.92,-74.77,Colombia,698852.0
Riga,56.9475,24.1069,Latvia,698529.0
Osasco,-23.5328,-46.7919,Brazil,694844.0
Bauchi,10.3158,9.8442,Nigeria,693700.0
Hamilton,43.2567,-79.8692,Canada,693645.0
Oslo,59.9111,10.7528,Norway,693494.0
Salem,11.65,78.1667,India,693236.0
Shishi,24.7355,118.6434,China,693000.0
Banjarmasin,-3.3333,114.5833,Indonesia,692793.0
Miluo Chengguanzhen,28.8049,113.0745,China,692080.0
Guadalupe,25.6775,-100.2597,Mexico,691931.0
Gaizhou,40.4019,122.3499,China,691595.0
Shizuoka,34.9756,138.3825,Japan,691185.0
Malegaon,20.55,74.55,India,690844.0
Lodz,51.7769,19.4547,Poland,690422.0
Karbala',32.6167,44.0333,Iraq,690100.0
Leling,37.7333,117.2167,China,689867.0
Sao Jose dos Campos,-23.1789,-45.8869,Brazil,688597.0
Grenoble,45.1715,5.7224,France,687985.0
Acapulco de Juarez,16.8636,-99.8825,Mexico,687608.0
Jianshe,34.2189,113.7693,China,687130.0
Chisinau,47.0056,28.8575,Moldova,685900.0
Sheffield,53.3833,-1.4667,United Kingdom,685368.0
Aracaju,-10.9111,-37.0717,Brazil,685356.0
Jingcheng,32.0058,120.2547,China,684360.0
Allentown,40.5961,-75.4756,United States,683794.0
Bahawalpur,29.3956,71.6722,Pakistan,681696.0
Xinmin,41.9952,122.8224,China,680000.0
Xigaze,29.2649,88.8799,China,679771.0
Shanhu,29.5908,120.8176,China,679762.0
Zhongshu,27.8116,106.4133,China,679624.0
Torreon,25.5394,-103.4486,Mexico,679288.0
Gold Coast,-28.0167,153.4,Australia,679127.0
Tasikmalaya,-7.3333,108.2,Indonesia,678027.0
Kochi,9.9667,76.2833,India,677381.0
Cagayan de Oro,8.4833,124.65,Philippines,675950.0
Palermo,38.1157,13.3613,Italy,674435.0
Gorakhpur,26.7611,83.3667,India,673446.0
