Code,Agricultural water withdrawal as % of total renewable water resources,Agricultural water withdrawal as % of total water withdrawal,Dam capacity per capita,Dependency ratio,Flood occurrence (WRI),Industrial water withdrawal as % of total water withdrawal,Interannual variability (WRI),MDG 7.5. Freshwater withdrawal as % of total renewable water resources,Municipal water withdrawal as % of total withdrawal,National Rainfall Index (NRI),Rural population with access to safe drinking-water (JMP),SDG 6.4.1. Industrial Water Use Efficiency,SDG 6.4.1. Irrigated Agriculture Water Use Efficiency,SDG 6.4.1. Services Water Use Efficiency,SDG 6.4.1. Water Use Efficiency,SDG 6.4.2. Water Stress,Seasonal variability (WRI),Total internal renewable water resources per capita,Total population with access to safe drinking-water (JMP),Total renewable water resources per capita,Total water withdrawal per capita,Urban population with access to safe drinking-water (JMP),Country
AFG,30.6138068269,98.169627299,55.3502795189,28.7226001512,3.7,0.8319875914,2.5,31.0454615031,0.9983851096,185.0,47.0,28.2292887814,0.1205568988,57.1486222951,0.9237777733,54.7570194384,2.5,1299.0371723826,55.3,1799.9172528474,561.2970182234,78.2,Afghanistan
ALB,2.9966887417,63.7413720242,1397.2828915365,10.9271523179,2.7,16.3262431328,1.2,3.9337748344,19.9323848429,1136.0,95.2,9.331023806,1.2202894152,21.8522385675,6.6569071373,7.1394230769,2.4,9326.7766209262,95.1,10470.9536785119,492.2735110183,94.9,Albania
DZA,57.1783663324,63.7640986427,208.2488255568,3.5998971458,2.8,1.8256547505,2.3,84.0147424359,34.4102466068,241.5,81.8,329.8714798181,0.6183399143,23.0687866439,14.3546195882,137.9203602082,1.9,271.7376269441,83.6,281.8852043706,252.7713215159,84.3,Algeria
AND,57.771077578778815,53.09641316860762,996.1771356587451,20.866262072627194,3.3,18.168755611000805,1.5,60.12262581214517,28.73483047267098,1071.311544331408,100.0,466.48988648123134,1.3310969094505634,146.63270938117194,86.300425732854,69.03380853793128,1.6,4098.6480695056,100.0,4098.6480695056,422.6804014615815,100.0,Andorra
AGO,0.0988544474,20.7849249079,316.7751324875,0.269541779,1.7,33.9472938509,2.5,0.4755390836,45.2677812411,1137.0,28.2,196.79070911,0.2479818478,167.0308793114,142.4678361857,1.8718832891,3.1,4963.6503167379,49.0,4977.0655878642,23.6712459024,75.4,Angola
ATG,3.4615384615,15.652173913,52.616687276,0.0,3.6,21.7391304348,1.5977584231258684,8.4615384615,62.6086956522,1058.9833000853735,97.9,88.3892972031,1.869824499,144.2791448419,109.8390234755,8.4615384615,1.7377871944295324,544.9248632448,97.9,544.9248632448,120.5122293714,97.9,Antigua and Barbuda
ARG,3.1874828814,73.928004235,2994.365700635,66.6757965854,2.5,10.5876124934,2.4,4.3013329681,15.4843832716,1062.0,100.0,32.6395950352,0.1182923643,65.0549562883,13.6165637946,10.4566640772,1.8,6645.8581509857,99.1,19943.0368021223,859.8647977542,99.0,Argentina
ARM,27.3780409319,74.2201130574,470.9706053842,11.7132192045,3.3,4.2710586922,1.4,36.8773329901,21.5088282504,352.1,100.0,19.7188700513,0.3006164251,10.2060262081,3.2605190122,57.7970546702,2.4,2329.1975559556,100.0,2638.2177886308,973.1760250558,100.0,Armenia
AUS,2.1341463415,63.428778543,3164.0228728368,0.0,2.7,16.0807055697,3.2,3.2408536585,20.4905158874,717.1,100.0,106.2610897469,0.4699458481,267.9002193823,72.2797509034,6.4113389626,2.0,20012.5118875134,100.0,20012.5118875134,673.3478085079,100.0,Australia
AUT,0.0992277992,2.2078405544,241.2385354439,29.2149292149,3.3,77.1741931789,0.9,4.4916344916,20.6179662667,1126.0,100.0,33.9898804513,3.3647163088,360.9824208953,100.732937341,9.6435479414,0.7,6235.8976591687,100.0,8809.6226930438,395.9341493742,100.0,Austria
AZE,26.7339581831,72.5261313138,2188.0853034741,76.5969718818,3.0,23.9563121988,1.4,36.8611391492,3.5175564875,459.7,77.8,8.1219134496,0.2236419786,44.2796502836,3.6654715287,56.4433649812,2.0,824.2494911288,87.0,3521.9779550081,1298.2411948012,94.7,Azerbaijan
BHS,62.14738340470268,52.74525625292911,942.1194704500839,0.0,2.717834967959429,18.27200578023175,1.5593105551150606,60.724850251555715,28.982739525390116,1320.0,98.4,502.38893299946955,1.3595223683307753,290.5811544686,151.67378419768298,68.66363301734012,2.0354384526887492,1833.6367565585,98.4,1833.6367565585,418.88437954974256,98.4,Bahamas
BHR,124.7413793103,33.3103130755,0.0,96.5517241379,0.0,3.2458563536,3.1,133.7068965517,63.4438305709,1057.1648341451994,100.0,948.6757614276,0.6213942861,71.2659979648,76.2135198629,133.7068965517,0.3,2.6772399798,100.0,77.639959413,290.7482618019,100.0,Bahrain
BGD,2.5671702123,87.8171173683,40.5609969762,91.4427659588,4.9,2.1466406468,0.7,2.9233141434,10.0362419849,2309.0,87.0,76.684806136,0.7455270943,34.0201760685,5.7151948158,5.7233394816,3.6,657.542794889,86.9,7684.0576256979,224.6291433588,86.5,Bangladesh
BRB,68.5,67.6543209877,905.5657590348843,0.0,3.6,7.6543209877,1.7632341186086848,87.5,24.6913580247,1057.5620349504757,99.7,82.5368106445,0.9119304489,182.9075044996,52.0969395628,87.5,2.308416137483797,279.4935576735,99.7,279.4935576735,282.9872271444,99.7,Barbados
BLR,0.7443868739,30.85182534,328.0343094259,41.2780656304,2.6,31.7108088762,1.1,2.4127806563,37.4373657838,615.7,99.1,35.1418820482,0.0659447779,55.7285284788,32.0274132721,4.6044825313,0.9,3597.7956517677,99.7,6126.834359922,147.82707428,99.9,Belarus
BEL,0.2459016393,1.1266900351,12.6360056281,34.4262295082,2.8,80.3705558338,1.0,21.825136612,18.5027541312,1070.0,100.0,25.4668315183,0.7948534201,462.6053234475,106.0715151741,49.0663390663,1.4,1050.8112788478,100.0,1602.487200243,349.7450206432,100.0,Belgium
BLZ,0.3147142726,67.7227722772,323.8691855901,29.7874298334,2.6,20.9900990099,1.1,0.4647096715,11.2871287129,2013.0,100.0,8.6198148325,0.1455672123,100.7811275477,13.2831854041,1.2602944847,2.2,40610.0556458888,99.5,57838.7253871394,268.7821507362,98.9,Belize
BEN,0.2235695339,25.2136752137,2.1028710185,60.9700644183,3.6,12.8205128205,1.2,0.4926108374,61.9658119658,959.5,72.1,64.6204297392,0.3265373411,30.492457357,27.2619013336,0.975243811,3.0,921.6838932071,77.9,2361.4794118189,20.9392263117,85.2,Benin
BTN,0.4076923077,94.0828402367,0.0,0.0,4.7,0.8875739645,0.6,0.4332051282,5.0295857988,2609.0,100.0,212.2096371155,0.5392355045,68.9853849619,5.8605246927,1.4138075314,3.5,104618.925563634,100.0,104618.925563634,453.3486774424,100.0,Bhutan
BOL,0.3344947735,91.9540229885,53.1647466174,47.1254355401,3.1,1.5325670498,2.5,0.3637630662,6.5134099617,1503.0,75.6,271.4587801794,0.2530417391,134.1179243038,13.1286201198,1.1770011274,3.1,27115.5125300917,90.0,51282.7156252806,186.5475787902,96.7,Bolivia (Plurinational State of)
BIH,-9.2508791361374,53.070659147549975,868.9775549936,5.3333333333,3.6,18.357007058400157,1.0,1.0690666667,28.572331320245084,1019.0,100.0,45.8262145249,1.3505795674569692,28.9812879695,-2.309919074239173,2.6620185923,1.3,10592.1931061233,99.9,11188.9363797077,433.83422639224597,99.7,Bosnia and Herzegovina
BWA,0.5637254902,35.7512953368,503.2493152176,80.3921568627,2.1,12.1243523316,3.8,1.5767973856,52.1243523316,430.4,92.3,190.8515471855,0.0857270512,92.4700101914,71.3695564556,2.0181951271,2.4,1088.3958858636,96.2,5550.8190179041,87.5251691549,99.2,Botswana
BRA,0.4559962993,60.0325817207,3370.1728134982,34.5322077021,3.1,14.480595606,1.7,0.759569793,25.4868226732,1934.0,87.0,30.629535689,0.2904017794,68.2739195823,22.0105277007,3.1054373522,2.5,27238.107437402,98.1,41605.3550629245,316.0265208613,100.0,Brazil
BRN,0.0623529412,5.7608695652,106.0444362775,0.0,2.3,-70.4347813697197,0.9,1.0823529412,164.6739130435,3564.0,80.74908202367631,550.6936579749142,3.9540191288,35.2647291872,237.34654288890266,3.4664657121,1.0,20024.8307901798,91.13265169881545,20024.8307901798,216.7393450231,98.51483560251094,Brunei Darussalam
BGR,3.9178403756,14.747724662,917.768587827,1.4084507042,3.2,69.6651055934,1.2,26.5633802817,15.5871697446,543.3,99.0,2.7271985632,0.0920039043,38.5997255524,7.9300789841,41.8212728213,1.1,2956.7286978961,99.4,2998.9676792946,796.6975874783,99.6,Bulgaria
BFA,3.1162962963,51.4303178484,278.0965274013,7.4074074074,3.3,2.6528117359,1.5,6.0496296296,45.9168704156,759.0,75.8,146.8388122144,0.0566505755,15.717323607,11.1413959279,7.8078393881,4.0,651.271171914,82.3,703.3728656671,42.6191854901,97.5,Burkina Faso
BDI,1.7708998086,79.2574080685,921.9288005969764,19.7511167837,3.3,5.3552302749,1.4,2.2343650287,15.3873616566,997.8,73.8,32.0431239054,0.0527679829,28.4926872654,6.1420784432,10.19286754,2.4,929.1569544673,75.9,1157.8440935589,25.8704635135,91.1,Burundi
CPV,8.3333333333,92.5925925926,0.0,0.0,2.3276150846234787,1.4814814815,2.1832855599072287,8.4333333333,5.9259259259,144.0,87.3,680.234744361,0.3113567487,690.3222950515,51.273832909,8.4333333333,2.3723231373233458,558.1416116897,91.7,558.1416116897,50.2327450521,94.0,Cabo Verde
KHM,0.4312119303,94.0018315018,0.0624632677,74.6691871456,3.9,1.510989011,0.6,0.4587271582,4.4871794872,2348.0,69.1,189.7418656386,0.3397207109,84.9848892464,6.9997469468,1.0365448505,3.1,7533.0700839737,75.5,29738.7617494187,136.4197766451,100.0,Cambodia
CMR,0.2602860675,67.7140757075,635.4545555572,3.5846724351,2.2,9.6104373392,0.9,0.3843898993,22.6754869533,1694.0,52.7,76.5815259375,0.0434508433,72.6163987937,23.855363935,1.5604301075,3.5,11112.887273436,75.6,11526.0587233458,44.3050055253,94.8,Cameroon
CAN,0.0909372846,7.4135460853,22909.2759343021,1.7918676775,1.9,78.8549596876,1.2,1.2312198484,13.731494227,693.6,99.0,12.9707672843,0.3959075798,228.906264524,41.6896946026,3.6797116375,1.6,77588.8225270026,99.8,79004.4782362672,969.0980054364,100.0,Canada
CAF,0.0002836879,0.5517241379,1626.8055398184456,0.0,2.3,16.5517241379,1.2,0.0514184397,82.8965517241,1331.0,54.4,37.163697477,0.1173868239,12.8843002084,16.8325209238,0.3356481481,3.6,30678.6976479448,68.5,30678.6976479448,15.7745076559,89.6,Central African Republic
TCD,1.4708971554,76.4211005002,932.8278197341174,67.1772428884,3.0,11.7894497499,1.9,1.924726477,11.7894497499,648.2,44.8,21.4151002615,0.0396892593,49.2328804069,8.359339149,4.294921875,3.8,998.8843793329,50.8,3043.2677423675,58.5745800041,71.8,Chad
CHL,3.1872250991,83.0346306906,715.5130422184,4.1232422594,2.5,13.3894047585,2.9,3.8316035794,3.5760654812,2483.0,93.3,14.1007726915,0.2483639343,120.6444373293,6.4085616838,8.982121089,3.5,47914.3998688932,99.0,49974.9897660797,1918.2543522653,99.7,Chile
CHN,13.5623296787,64.4039458285,571.6959714353,0.9618973178,3.5,22.3206821602,1.8,20.8364140806,13.2753720114,1049.0,93.0,38.8823119366,2.0502054501,82.7769787603,20.9881623416,43.2216882605,2.7,1936.4251114446,95.5,1955.2324398405,411.7373028387,97.5,China
COL,0.2708050847,46.9546690177,230.6760813504,9.1101694915,3.7,27.4043053413,1.3,0.5763519361,25.641025641,2862.0,73.8,19.1935769743,0.423221049,52.9287225058,19.0300557919,2.036213427,1.5,43856.2065191014,91.4,48252.050062974,278.287565003,96.8,Colombia
COM,0.3916666667,47.0,932.357207312896,0.0,1.6,5.0,1.1360035466845437,0.8333333333,48.0,2304.0,89.1,248.1332852506,0.0920654019,118.7779455701,69.4633488751,0.8333333333,2.5363438156684204,1474.3970944548,90.1,1474.3970944548,12.2866424538,92.6,Comoros
COG,0.0004807692,4.3620501636,1.7610129346,73.3173076923,1.7,26.1723009815,0.8,0.0055288462,69.465648855,1653.0,40.0,167.6204300257,0.2285613586,76.7564484182,97.1994583456,0.0274463007,1.8,43438.3190544535,76.5,162795.862402276,17.9427651229,95.8,Congo
COK,58.71041522585901,52.630920133838934,865.3414939012009,0.0,2.7606056857841685,18.468648006317537,1.7872428885423854,60.27704095339171,28.900432734165875,1054.729403727266,99.9,493.0099878294637,1.3351128116343687,158.4252932607364,89.56256593663431,68.86954067037766,2.1022471082028247,-1777.0073375424677,99.9,0.0,414.12812025135014,99.9,Cook Islands
CRI,2.0371681416,72.0726361929,403.3714252698,0.0,3.1,7.5140889167,1.0,2.8265486726,20.4132748904,2865.0,91.9,40.081428433,0.4046561087,64.0817802129,16.3845904461,5.4505119454,2.4,22828.4949718725,97.8,22828.4949718725,645.2585215943,99.6,Costa Rica
HRV,0.0720379147,10.6293706294,229.9863466525,64.2654028436,3.0,25.7342657343,1.0,0.6378199052,63.6363636364,824.2,99.7,49.9528775493,0.6472322309,72.3559013251,58.9684674427,1.4959982214,1.2,9012.9784498968,99.6,25221.9953969261,170.9357981877,99.6,Croatia
CUB,11.8546694648,64.9374910188,499.3392863411,0.0,3.0,10.6337117402,2.3,18.2528856243,24.428797241,1103.0,89.8,27.5239903857,0.1979433365,37.9788659056,12.3331413799,23.9394460692,2.3,3361.7731819042,94.9,3361.7731819042,613.7088030659,96.4,Cuba
CYP,23.5897435897,59.1639871383,282.8788872896,0.0,0.0,5.4662379421,2.1253865684183784,27.6923076923,35.3697749196,344.3,100.0,121.8310344721,0.7583477118,150.7143889274,60.4155831093,29.5243302351,2.1512926815260474,661.1973775895,100.0,661.1973775895,263.6312620902,100.0,Cyprus
CZE,0.3543726236,2.8581943081,299.2472348082,0.0,3.2,59.3228655545,1.3,12.3954372624,37.8189401374,707.1,100.0,60.9182564348,1.2202578751,188.4611906301,107.4473575707,24.7871046229,0.6,1235.7821617711,100.0,1235.7821617711,153.2181928937,100.0,Czechia
CIV,0.7130972189,51.6351118761,1524.0489297787,8.6760161635,2.3,20.82616179,1.1,1.381031614,27.5387263339,1187.0,68.8,36.5888403386,0.2167606537,56.0496013653,23.1673220233,5.0875656743,2.8,3144.3516861606,81.9,3443.0732804992,47.5499304961,93.1,CÃ´te d'Ivoire
PRK,8.5677252106,76.3473399709,834.7035813263,13.1561892417,3.0,13.2250687242,1.3,11.2220349968,10.427591305,1067.164591637885,99.4,5.7680866905,0.371973227,6.6382955683,1.7390394246,27.7404677988,3.8,2634.7015758072,99.7,3033.8392025899,340.45849706,99.9,Democratic People's Republic of Korea
COD,0.005604053,10.517846694,0.6494938916,29.8519095869,1.9,21.4745465184,1.2,0.0532813718,68.0076067876,1571.0,31.2,104.2548819544,0.199548416,32.6494198938,44.6133404193,0.2268835048,2.3,11056.6789441668,52.4,15761.9100948511,8.398161918,81.1,Democratic Republic of the Congo
DNK,5.445,44.083119687,3.4890167497,0.0,0.0,4.4393469167,1.0,12.3516666667,51.4775333963,694.0,100.0,1807.1294338576,2.2020853819,558.3356279741,368.6129020919,20.0405624662,1.3,1046.7050249168,100.0,1046.7050249168,129.285515661,100.0,Denmark
DJI,1.0,15.7894736842,906.8076027463383,0.0,2.9,0.0,4.3,6.3333333333,84.2105263158,107.4,64.7,546.3419236197095,13.0777470961,144.5892289376,154.88087216612936,6.3333333333,2.0,317.7632854182,90.0,317.7632854182,20.1250080765,97.4,Djibouti
DMA,0.5,5.0,965.1252752216443,0.0,3.6,0.0,1.7696325524156702,10.0,95.0,1066.6816462133672,91.8,541.7842111627965,0.0040596973,17.4091045627,120.35609724743142,10.0,1.840612141783895,2798.8468750875,94.4,2798.8468750875,279.8846875087,95.7,Dominica
DOM,32.1829787234,83.3122197865,215.5119934132,0.0,3.7,7.2693023717,2.5,38.6293617021,9.4184778418,820.9,81.9,28.8567380573,0.2051850219,55.6092150155,7.5061693346,50.3097982709,1.5,2235.3055767355,84.7,2235.3055767355,863.484276385,85.4,Dominican Republic
ECU,1.8254972875,81.427707199,458.2445382021,0.0,3.2,5.5353901996,2.9,2.2413652803,13.0369026013,2575.0,75.5,56.2733085668,0.6764275871,41.1383101452,9.0289081079,6.7823529412,2.8,26356.2993968375,86.9,26356.2993968375,590.8720104381,93.4,Ecuador
EGY,106.6956521739,79.1612903226,1744.0090758242,98.2608695652,2.5,6.9677419355,1.4,111.652173913,13.8709677419,106.6,99.0,20.141636108,0.646655587,17.7637395308,4.3793207123,116.9398907104,2.5,10.3688628606,99.4,596.2096144845,803.5868716966,100.0,Egypt
SLV,5.4472782642,67.5637393768,607.220333475,40.5024743053,3.8,10.0566572238,1.5,8.0624286258,22.3796033994,1434.0,86.5,25.0151591616,0.0438929116,33.266264834,9.990202639,13.2127261385,3.5,2446.7269430816,93.8,4112.3171333815,331.5526337458,97.5,El Salvador
GNQ,0.0038461538,5.0505050505,1385.21573380332,0.0,0.0,15.1515151515,0.8,0.0761538462,79.797979798,2447.0,31.5,2136.603056402,0.9677596072665228,317.1616864011,377.66460461570165,0.1835032437,2.5,20602.1860504183,47.9,20602.1860504183,15.6893570692,72.5,Equatorial Guinea
ERI,7.5187969925,94.5017182131,12.9245188759,61.7224880383,2.5,0.1718213058,4.3,7.956254272,5.3264604811,333.0,53.3,1051.0639470677,0.0311051563,94.576102546,6.872905433,11.1751152074,3.8,820.4183371703,57.8,2143.3429058573,170.5298115118,73.2,Eritrea
EST,0.0351397782,0.2521149644,138.3214970555,0.7496486022,1.1,96.4199675052,2.1,13.9309698579,3.3279175304,621.4,99.0,2.9660449376,0.1109954721,269.2880893898,11.8218249353,19.3073593074,1.2,9633.2396031499,99.6,9706.0005002312,1352.8221375029,100.0,Estonia
SWZ,22.3059866962,94.1947565543,520.0812585293,41.4634146341,3.1,1.9382022472,4.2,23.6807095344,3.8670411985,648.0,68.9,66.1535301757,0.1071637812,55.5794130332,3.5324106712,77.559912854,2.8,2347.0734927387,74.1,4009.5838834287,949.4979129716,93.6,Eswatini
ETH,7.9401639344,91.8364444782,295.902466998,0.0,3.2,0.484447436,1.8,8.6459836066,7.6791080858,1073.0,48.6,331.9869227906,0.0826178202,34.2926873442,4.3175479307,32.2571865443,3.3,1146.6173603658,57.3,1146.6173603658,99.1363490072,93.1,Ethiopia
FRO,58.33789143973593,52.733173656131875,865.311823162538,0.0,2.7653994832563122,18.514655078675645,1.8342528418188024,60.61980371647712,28.752171712281765,1054.7292887748883,84.13502122887745,517.920694119228,1.3249684916649278,142.49386560458038,86.39699584695265,68.86341425764968,2.243217746815504,-1777.865790911119,88.86590401312273,0.0,414.12776968617106,94.26315959173209,Faroe Islands
FJI,0.1751313485,58.8928150766,151.6150612165,0.0,2.9594802773478532,11.3074204947,1.0786456941426155,0.2973730298,29.7997644287,2376.0,91.2,72.2703071056,0.2995036692,109.4015813796,40.9497071917,0.2973730298,2.5596577270010608,32537.1327891104,95.7,32537.1327891104,96.756657576,99.5,Fiji
FIN,0.0454545455,2.6780931976,3375.3851809287,2.7272727273,0.2,75.8971612212,1.9,5.9654545455,21.4247455811,518.3,100.0,38.0423450724,0.364372214,387.037926862,111.8047093322,15.5608252312,1.2,19414.4070504417,100.0,19958.7362200803,338.7541865717,100.0,Finland
FRA,1.4753554502,11.7747182086,153.9314279156,5.2132701422,2.5,68.651183902,1.2,12.5289099526,19.5740978894,818.0,100.0,20.9417577994,1.6365436447,352.7879286475,83.6245175571,23.1427821063,1.5,3084.3963795417,100.0,3254.0381804165,407.7263574116,100.0,France
GAB,0.0242771084,28.9719626168,106.5466628374,1.2048192771,0.7,10.1365923796,0.9,0.0837951807,60.8914450036,1842.0,66.7,462.6100896406,0.2361231651,78.5472607791,94.789870708,0.502166065,2.1,79425.6941151857,93.2,80394.3001409806,67.366549094,97.2,Gabon
GMB,0.49,38.5826771654,942.3702653419593,62.5,1.5,20.8661417323,2.0,1.27,40.5511811024,598.4,84.4,11.3876525628,0.0600258712,19.6333547529,10.3608805542,2.2096563723,4.6,1355.0814878253,90.2,3613.5506342007,45.8920930543,94.2,Gambia
GEO,1.675065663,58.1908439051,851.6193214985,8.2109584715,3.6,22.0628792057,1.1,2.8785725565,19.7462768891,1140.0,100.0,7.0257171157,0.3919257576,28.2189310978,7.3503286561,5.9381107492,1.9,14500.9025333798,100.0,15798.0759924125,454.7590799648,100.0,Georgia
DEU,0.1946103896,1.226383825,48.3919306988,30.5194805195,2.9,80.8177528982,1.1,15.8720779221,17.9558632768,835.5,100.0,44.4499170579,3.3516893522,515.7246358968,128.5673392139,33.5019188596,0.8,1294.4841461926,100.0,1863.0893319033,295.6468712094,100.0,Germany
GHA,1.9039145907,73.0574900997,5099.4814306217,46.0854092527,3.0,6.4864126724,1.4,2.5775800712,20.4560972279,1112.0,84.0,162.9373772874,0.1418367035,82.6409914241,27.5775345799,6.3147340889,3.0,1040.4696329666,88.7,1929.8479660965,50.2927994866,92.6,Ghana
GRC,13.2178362573,80.433796251,1165.8127906372,15.2046783626,2.4,1.8531533856,1.7,16.432748538,17.7130503634,597.8,100.0,114.1795651929,0.4403546609,71.7890767977,15.1861517774,22.73922719,2.5,5487.5135413858,100.0,6471.4814867377,1063.4706630903,100.0,Greece
GRD,1.05,14.8936170213,0.1984234356,0.0,2.792690221379091,0.0,1.7486696704892846,7.05,85.1063829787,1063.563097494524,95.3,539.4812774178599,2.4617273218,62.7512451457,124.37168917005854,7.05,1.9178287506334928,1803.8494146509,96.6,1803.8494146509,127.1713837329,99.0,Grenade
GTM,1.4744742397,56.7371619386,27.4218700358,14.6274724416,3.5,18.1432568214,1.0,2.5987803925,25.11958124,2216.0,86.8,25.6713835027,1.0655686342,52.1733047957,18.3679141238,5.7420970807,3.1,6455.8199039076,92.8,7561.9406951357,196.5182320749,98.4,Guatemala
GIN,0.1296017699,51.0367659871,152.2268164649,0.0,1.1,9.7926468026,0.9,0.2539823009,39.1705872103,1638.0,67.4,61.1097433969,0.0691435976,20.9623441376,14.2306232806,0.8830769231,4.0,18727.9589118526,76.8,18727.9589118526,47.5574142456,92.7,Guinea
GNB,0.4585987261,75.7894736842,0.0,49.0445859873,1.0,6.2631578947,1.5,0.5573248408,17.9473684211,1223.0,60.3,11.8564491581,0.110060119,11.5090168719,2.891567776,1.4957264957,4.6,8752.0410033121,79.3,17175.880469,103.9304869143,98.8,Guinea-Bissau
GUY,0.5029520295,94.344846681,1043.7655278101,11.0701107011,2.4,1.4120578667,1.6,0.533099631,4.2430954523,2177.0,98.3,51.1875220617,0.169910083,24.6529518224,1.929147117,3.2984018265,2.1,310878.690233249,98.3,349577.282378467,1863.5952024065,98.2,Guyana
HTI,8.622165169,83.3793103448,27.0433529533,7.2386250178,3.9,3.5172413793,2.4,10.3408928826,13.1034482759,1226.0,47.6,51.5187443226,0.2042398556,22.2197497624,4.8938857936,13.3837917667,1.9,1184.3531712565,57.7,1276.774057612,132.0298376506,64.9,Haiti
VAT,57.36685569514917,52.790822217511234,865.2887755599086,23.243378161811087,2.9,18.47789893201113,1.4,60.468706151242344,28.73127786079317,1054.7274833413812,84.36090534977492,499.1914777517241,1.326313485685184,134.9948021631364,86.20235957926596,68.99995962381156,2.0,-1779.6888753915798,88.53900800487867,0.0,414.12628787411705,94.14755323790425,Holy See
HND,1.27815633,73.304293715,615.6165019605,1.6318736166,3.6,7.0939639079,1.3,1.7436309188,19.6017423771,1618.0,83.8,47.2438999108,0.2053505331,43.3012402962,11.9897935352,4.621268764,2.9,9615.0042427558,91.2,9774.5119239946,170.4314120683,97.4,Honduras
HUN,0.4986538462,11.5216280465,26.3519696093,94.2307692308,3.5,74.6039856924,1.1,4.3259615385,13.8743862611,587.5,100.0,9.2313061519,0.3316862677,122.2040723776,23.8802030073,7.7702936097,0.6,616.6607552881,100.0,10688.7864249946,462.6086209379,100.0,Hungary
ISL,0.0001764706,0.107797341,6896.3764193628,0.0,0.1,71.1462450593,1.0,0.1705882353,28.7459575997,923.4,100.0,15.2944018835,0.7028322072,165.0904779043,58.3389890583,0.394075282,0.8,508383.847748009,100.0,508383.847748009,832.2542636957,100.0,Iceland
IND,36.0039771835,90.4073587385,184.8561633703,30.5208533538,3.9,2.2339027595,1.7,33.884557015,7.358738502,1502.0,92.6,35.1670186908,0.4088518168,22.6309675941,2.8205828554,66.4920928322,4.2,1080.1711183779,94.1,1427.4543500058,568.4717988144,97.1,India
IDN,9.3971367712,85.2067285018,90.6882624871,0.0,3.1,4.1031284389,1.1,11.0286322881,10.6901430593,2929.0,79.5,39.6456404805,0.2391529797,17.9109391203,3.7451909947,29.6965452848,1.9,7627.7825597786,87.4,7627.7825597786,841.2400902543,94.2,Indonesia
IRN,62.7531102922,92.1757770632,550.8820246076,6.7725904161,3.2,1.1789924973,2.3,67.8244372286,6.6452304394,207.1,92.1,129.2750653299,0.3744897678,43.7083114334,4.7738501906,81.2890812891,1.8,1592.8327139032,96.2,1698.7529904814,1156.5081105616,97.7,Iran (Islamic Republic of)
IRQ,39.2499443579,91.4915693904,4042.3104749552,60.827954596,2.4,5.317769131,1.6,42.8867126641,3.1906614786,225.0,70.1,42.5966437121,0.0868635616,75.0887849747,4.7404929428,54.1264044944,2.5,937.3473565114,86.6,2392.8986777304,1026.5551304975,93.8,Iraq
IRL,0.3442307692,20.7897793264,182.8211640848,5.7692307692,2.2,5.9233449477,0.8,1.4557692308,73.2868757259,1202.0,97.8,2206.2863936114,0.0945631829,298.9095285674,349.7670678397,3.6429258903,1.8,10308.6732337824,97.9,10939.8164929936,181.1381153936,97.9,Ireland
ISR,70.1685393258,54.2100694444,901.90301493684,57.8651685393,2.9,3.125,2.7,67.3033707865,42.6649305556,391.6,100.0,794.4120746956,1.4752940627,234.4119526855,125.6368320973,103.3560521094,3.0,90.9769321317,100.0,215.9185855926,279.4811355086,100.0,Israel
ITA,8.8865656038,49.725049725,165.6005787417,4.6001045478,2.6,22.5225225225,1.4,17.7970203868,27.7524277524,830.2,100.0,46.5288732851,0.9172700349,137.1400133025,48.9952720575,29.9988545246,1.5,3007.8929913967,100.0,3152.931119201,563.4731265198,100.0,Italy
JAM,1.0533123903,8.4194977843,1.8658964794,0.0,3.5,81.2407680945,1.4613642844596086,12.4734362007,10.3397341211,1328.0,89.4,2.1927805096,1.707760683,65.0147691291,8.6475708689,12.4734362007,1.556407976655855,3705.4307516173,93.8,3705.4307516173,463.5640060695,97.5,Jamaica
JPN,12.6581395349,66.8262737876,246.8454693811,0.0,3.0,14.2541436464,1.1,18.8888372093,18.919582566,1578.0,100.0,102.8591893279,0.7420086104,209.5284879285,54.7994685787,37.3434482759,1.7,3372.4769411791,100.0,3372.4769411791,638.8098764164,100.0,Japan
JOR,59.1995731057,53.1270951058,28.0936450748,27.2145144077,3.0,3.1127286658,2.6,96.4354322305,43.7601762283,148.8,92.3,293.4503508956,2.1488110463,56.4580218957,34.9820439571,100.0775279654,2.6,69.6925139715,96.9,95.7505653831,106.694946976,97.8,Jordan
KAZ,13.9470528549,61.8379616376,4421.8371673171,40.6420071949,1.7,28.5632489469,2.3,20.7084217323,9.5987894156,274.5,85.6,8.444551563,0.0400010118,48.951648285,7.13553973,31.1373092926,3.1,3559.1776756429,92.9,5996.1220173496,1352.3768973915,99.4,Kazakhstan
KEN,10.5342019544,80.2083333333,493.522727938,32.5732899023,3.8,7.5148809524,3.2,13.1335504886,12.2767857143,902.1,56.8,33.6975583176,0.2280624075,63.8280281032,10.5512866833,33.2399010717,1.9,412.1770070462,63.2,611.2963341216,80.2849126768,81.6,Kenya
KIR,57.64386344920608,52.86461488120865,865.2521543985017,0.0,2.774838888109295,18.22618715913005,1.9289251901288496,60.88137629198159,28.90919744713223,1054.7291623179638,50.6,567.5354835293767,1.304600766761994,110.28810448584106,80.30283078559222,68.50592501203721,2.532741407345393,-1779.6094340001373,66.9,0.0,414.12703795361296,87.3,Kiribati
KWT,3892.0,62.272,897.2070147815921,100.0,0.6,1.864,2.7,3850.5,35.864,67.35,99.0,2535.5560345984,0.7460189127,152.5435271546,102.4355359609,3850.5,0.4,0.0,99.0,4.9308461159,308.177882246,99.0,Kuwait
KGZ,30.061817258,92.6892950392,3807.9186937466,1.1275460718,2.1,4.3864229765,2.4,32.6318909306,2.9242819843,372.5,86.2,5.3291019126,0.1082032053,17.1715963327,0.836195637,50.0389559797,2.7,7905.0259518464,90.0,3815.6734708912,1237.5331860033,96.7,Kyrgyzstan
LAO,2.1049475262,95.9016393443,1527.3905567856,42.9085457271,3.9,2.3224043716,0.9,2.1949025487,1.7759562842,1933.0,69.4,19.4738910768,0.1218994628,66.2689412147,1.7460735068,4.7718383312,3.6,27383.7252365334,75.7,47964.6657898313,1052.7776719087,85.6,Lao People's Democratic Republic
LVA,0.1760160275,33.9591385975,515.0948415174,51.5168860904,1.8,13.9149641082,1.5,0.5183171151,52.1258972943,605.4,98.3,182.9953740662,0.0137059169,205.1744047998,132.4173945525,1.0671773718,1.0,8682.2951396061,99.3,17907.8743906633,92.8195779092,99.8,Latvia
LBN,15.5451920942,38.0434782609,33.4341588296,0.7854485325,2.8,48.9130434783,2.0,40.2398401066,13.0434782609,557.5,99.0,7.0577377714,1.4109021159,165.9926106449,25.6401206686,58.7929915639,3.4,703.8770279907,99.0,660.3246368838,269.8195273964,99.0,Lebanon
LSO,0.12574454,8.6757990868,1373.821797781,0.0,3.3,45.6621004566,3.2,1.4493712773,45.6621004566,734.9,77.0,33.2210552126,0.0158860489,74.7335796415,49.2957320563,2.5659050967,1.9,2500.5570074405,81.8,1444.8725194044,20.9415672898,94.6,Lesotho
LBR,0.0053017241,8.4304318026,50.7419252073,13.7931034483,1.9,36.6004112406,0.8,0.062887931,54.9691569568,2413.0,62.6,3.2601326885,0.0341432912,5.3500611992,4.1369839358,0.2643115942,2.8,42533.0471142816,75.6,49338.3346525667,31.0278578699,88.6,Liberia
LBY,692.8571428571,83.1903945111,59.2472803904,0.0,0.0,4.8027444254,2.7,817.1428571429,12.0068610635,140.6,68.3,52.186212177,0.0163673168,10.6032828089,3.7931078666,817.1428571429,1.4,106.37127465,71.2,106.37127465,885.9207588709,72.1,Libya
LIE,64.52139300118975,52.04019022331976,865.5414510035941,22.944333250538698,3.3,19.06111998055073,0.8,60.4424891349586,28.898686829330046,1054.7294683166087,88.22161594833476,454.88991295733945,1.4384547470401372,441.8708319005,220.9317337483235,68.56500249928959,0.9,-1765.6306660053294,90.56136118974885,0.0,414.12552322611197,95.08945934783725,Liechtenstein
LTU,0.2404081633,22.7413127413,174.0344287334,36.8979591837,2.4,26.9111969112,1.1,1.0571428571,50.3474903475,585.4,90.4,147.6332648298,0.0335428226,214.0718319483,147.5173016098,1.8673395818,0.9,5433.3042573067,96.6,8610.3463327305,91.0236612317,99.7,Lithuania
LUX,0.0114285714,0.8771929825,104.7456539001,71.4285714286,3.1,3.5087719298,1.2,1.3028571429,95.6140350877,1074.0009361548005,100.0,3874.8775507516,0.0,1134.875658265,1221.0610259114,3.7810945274,1.5,1689.4460306466,100.0,5913.0611072629,77.0387389975,100.0,Luxembourg
MDG,3.8575667656,95.8921287315,19.2980101454,0.0,2.6,1.1942258186,1.4,4.0228189911,2.9136454499,1541.0,35.3,14.5354887512,0.1051914219,16.0903733749,0.7432732849,11.3446861925,3.5,13179.2433409233,51.5,13179.2433409233,530.1771040017,81.6,Madagascar
MWI,6.7476851852,85.9375,2.3630184974,6.5972222222,3.3,3.515625,1.6,7.8518518519,10.546875,1125.0,89.1,18.6501543033,0.0349479925,22.9054654543,3.1015137279,17.5048380854,3.8,913.4024319821,90.2,977.9178453935,76.7846604531,95.7,Malawi
MYS,0.4318965517,45.6450437318,721.763044659,0.0,3.1,29.9016034985,1.0,1.1563793103,24.4533527697,3194.0,93.0,72.1119208604,0.997881077,134.9948830993,55.0288788901,3.4394871795,1.7,18646.7320669716,98.2,18646.7320669716,176.4366647992,100.0,Malaysia
MDV,0.0,0.0,0.0,0.0,2.456739460325286,5.0847457627,1.4236663821491868,15.6666666667,94.9152542373,1057.261862989217,97.9,1497.5959859748,1.3453933833489895,591.3703817607,457.75829865610933,15.6666666667,1.288124481605808,60.4348894646,98.6,60.4348894646,11.8855282614,99.5,Maldives
MLI,4.2291666667,97.8596220594,745.1749986361,50.0,2.6,0.0771307366,1.3,4.3216666667,2.063247204,577.6,64.1,695.7732313277,0.043689701,55.3718007274,1.721866725,8.0030864198,4.0,3241.0655975472,77.0,6482.1311950943,280.136103148,96.5,Mali
MLT,50.297029703,39.8119122257,0.0,0.0,0.0,1.5673981191,1.823685053839145,85.1485148515,58.6206896552,1057.4222089837522,100.0,1257.9091653553,1.4981863651,246.3816255964,164.7435093469,85.1485148515,2.0625992840128338,115.3144430769,100.0,115.3144430769,145.684385511,100.0,Malta
MHL,58.35290031817355,52.73462273760003,865.3337736956358,0.0,2.7622329654983813,18.610796983927344,1.8021639416029962,60.633077929274194,28.654581105873277,1054.729354715449,97.6,499.61233223116585,1.3321673154971916,153.57286799040804,88.66538451234672,69.18582451151391,2.142637569951752,-1777.2253115258106,94.6,0.0,414.12805360973204,93.5,Marshall Islands
MRT,10.7280701754,90.5791734558,116.752323955,96.4912280702,2.5,2.3552066361,1.8,11.8263157895,7.0656199082,190.3,57.1,50.3858727352,0.3313658537,33.2012397112,3.8327132725,13.2462173315,3.2,93.401859164,57.9,2661.9529861742,315.2779756081,58.4,Mauritania
MUS,12.5045438023,55.8441558442,73.4441071128,0.0,2.866788891087338,1.9480519481,1.8516882864139652,22.1737549982,42.2077922078,1064.8054226061088,99.8,166.1015542492,0.3548101273,33.5631431721,17.6001470122,22.1737549982,2.282080896615792,2175.5651843141,99.9,2175.5651843141,487.1494560296,99.9,Mauritius
MEX,14.4623804905,76.0438959974,1220.4300839149,11.53,2.9,7.7569327444,2.5,19.0175973396,16.1991712581,1052.0,92.1,51.7367155833,0.2464283566,53.9224876031,12.9355720687,32.9497201674,3.1,3277.8391689182,96.1,3701.6982348492,704.006122138,97.2,Mexico
FSM,58.23053651642681,52.7076553518424,865.3168303097561,0.0,2.764803028195169,18.53301858722014,1.8272837207742436,60.422392801061854,28.75932657127059,1054.729350753881,87.4,513.4040018372646,1.3265980233651953,144.8259903641652,86.90229192471466,68.87863256095238,2.2228395657103563,-1777.7325876862894,89.0,0.0,414.1278230934475,94.8,Micronesia (Federated States of)
MCO,79.67331216230816,0.0,1247.253511883692,20.824845183242765,2.8,0.0,1.7,68.39162711015452,100.0,1115.1333125402873,98.72964318556865,506.07101270917144,1.5989326375814408,1090.3736882528,609.0165321775333,67.78535581137126,1.8,14069.269448531224,100.0,17120.08587705855,130.235465722,100.0,Monaco
MNG,0.7209770115,54.2603806228,80.2881122852,0.0,1.3,35.9429065744,2.6,1.3287356322,9.7967128028,177.5,59.2,27.4290282241,0.5222527479,123.6478461397,22.2555906908,3.3950073421,2.9,11176.1052300961,64.4,11176.1052300961,148.5008924827,66.4,Mongolia
MNE,55.380317069985736,1.0565568676,1638.0825510746,22.46304133585826,3.5,39.0304536979,1.0,66.6782424740207,59.9129894344,1115.5913061900476,99.2,7.5428117953,45.8515970898,29.0762647855,20.8489013122,69.22491320770418,1.6,14296.317778527278,99.7,17270.658149956136,256.3886016225,100.0,Montenegro
MAR,31.5724137931,87.7768190969,504.7177228572,0.0,2.9,2.0324034129,3.1,36.4586206897,10.1907774902,287.9,65.3,123.0274495199,0.4263171604,54.5657492482,8.4352958172,50.7512120194,2.1,815.0358946024,85.4,815.0358946024,293.1599798827,98.7,Morocco
MOZ,0.4956241363,73.0482009504,2587.7525714843,53.8000921234,3.0,1.6972165648,3.5,0.6784891755,25.2545824847,1005.0,37.0,144.8743808063,0.0587466503,20.266404575,7.6199412205,1.7514863258,3.3,3500.9925994671,51.1,7577.9211699333,51.4153748656,80.6,Mozambique
MMR,2.532111663,88.555735908,290.9191834189,14.1291317006,3.2,1.492599891,0.8,2.8456071245,9.951664201,2329.0,74.4,49.5814956915,0.1689600536,8.8713182382,1.7725209707,5.8015013966,3.7,18785.1743163207,80.6,21876.0735606296,625.5118365237,92.7,Myanmar
NAM,0.5036331746,69.7916666667,294.8985550436,84.5652718617,2.1,4.8611111111,3.6,0.7063392633,25.3472222222,339.0,84.6,217.0511156879,0.0666925747,97.0755540015,35.2035981572,0.8615525672,2.5,2563.8539052781,91.0,16610.943077865,119.8684942727,98.2,Namibia
NRU,58.37096376721691,52.79448487250714,921.3145331477056,0.0,2.752630970589791,18.30022497144111,1.8073195987989372,60.48704176201387,28.905290962610962,1059.9512097359054,94.45968342625828,485.12471652203794,1.3354742823455243,146.171841752177,84.28271484071928,68.96789824430942,2.168663700778099,945.8053532583,96.5,945.8053532583,417.45730954517614,96.5,Nauru
NPL,4.4338725024,98.1352202251,3.0869245007,5.7088487155,4.5,0.310621137,1.0,4.5181255947,1.5541586379,1751.0,91.8,92.8276886232,0.606124211,80.0446938636,2.127185275,8.3118326623,4.1,7172.6663076956,91.6,7606.9347017034,343.6908637276,90.9,Nepal
NLD,0.0840659341,0.4758498429,542.495256104,87.9120879121,2.5,91.6866233322,1.0,8.7784615385,7.8375268249,893.1,100.0,8.9606208131,56.9757931362,455.7878542791,44.2093052189,15.1668881716,0.9,646.2473269595,100.0,5346.2278866649,944.4904683513,100.0,Netherlands
NZL,0.980733945,61.6612189963,3591.5733488954,0.0,1.7,22.7648529129,0.9,3.0198776758,15.5739280908,1154.0,100.0,28.5595695682,2.8766991094,160.7030088374,33.3031227785,8.0480847596,1.5,69544.3716485249,100.0,69544.3716485249,1106.1170548746,100.0,New Zealand
NIC,0.7202771699,76.7188916224,5012.7223115483,5.0510576222,3.6,4.7649876991,1.2,0.9380622417,18.5161206785,2013.0,69.4,41.0374052214,0.2147270018,26.1136198119,6.9553928445,2.6924284717,2.9,24465.7427916037,87.0,25767.2620451613,241.916563062,99.3,Nicaragua
NER,4.5110132159,87.7263121823,4.3348923281,89.7209985316,3.4,2.0560854418,1.9,5.131277533,10.2176023759,310.4,48.6,55.5353672827,0.0041959783,24.0610037427,3.6039932688,7.4539249147,3.6,162.019169923,58.2,1576.215067394,81.0512470338,100.0,Niger
NGA,1.9252271139,44.1683366733,265.447026195,22.7812718379,3.1,15.751503006,1.2,4.357791754,40.0801603206,1295.0,57.3,53.9138867763,0.2191090251,55.4563991969,30.8160380143,9.6682170543,3.6,1157.8364540187,68.5,1499.4244033491,65.3575102438,80.8,Nigeria
NIU,58.639306315998525,52.65797348837419,865.3385714623779,0.0,2.761127184481377,18.47997286693864,1.7924069514974503,60.37886953184945,28.86205448916789,1054.7293861991152,98.6,495.5209132380299,1.334050969005832,156.72592108498515,89.25270475621372,68.92828760210458,2.1168482286246917,-1777.0894835404454,98.5,0.0,414.12809149647677,98.4,Niue
MKD,5.1440266828,39.5443743342,1099.8580208608,15.625,3.3,27.12338496,1.3,16.3125,33.3322407058,621.5,98.9,9.5655214383,0.6827381135,21.9275616065,10.1734253341,25.266214908,1.6,2593.6649253889,99.4,3073.9732449054,399.8697832591,99.8,North Macedonia
NOR,0.2149872774,31.3949167658,6283.5822417276,2.7989821883,1.3,39.796373365,1.0,0.6847582697,28.8087098692,1414.0,100.0,101.3402935521,1.0772412747,305.818488608,128.7703217022,2.0464638783,1.6,72125.4696179956,100.0,74202.381046786,508.1258215601,100.0,Norway
OMN,114.7857142857,85.844017094,18.9415696084,0.0,1.9,7.2115384615,3.1,116.7142857143,6.9444444444,23.44,86.1,260.6077301181,0.9105014269,252.6789938665,37.1225900436,116.7142857143,0.5,300.0474932318,93.4,300.0474932318,401.2063623785,95.5,Oman
PAK,69.8541329011,93.9765603707,133.7537181105,77.7147487844,3.9,0.7631507223,2.4,81.0372771475,5.2602889071,355.6,89.9,34.3526678128,0.3003027431,16.9418660796,1.4355679232,122.6918593951,2.7,264.5423639079,91.4,1187.0737347724,882.3690301621,93.9,Pakistan
PLW,58.801830851031966,52.729004237556794,865.3194937347553,0.0,2.763612231309028,18.134263426541608,1.8216692865567885,60.79051895922944,29.13673287709021,1054.7292720203316,86.0,512.1117538900762,1.327601570728711,146.9231225061427,87.53092894462381,68.75580482998245,2.2055874616026907,-1777.6187281866487,95.3,0.0,414.1278743781438,97.0,Palau
PSE,19.3548387097,43.1769722814,0.0,2.9868578256,3.0,8.5287846482,2.7,34.4086021505,48.2942430704,1057.6698151487958,81.5,83.3276737314,5.9837919088,51.8871625497,34.7489704228,41.0783055199,3.1,171.0472239899,58.4,176.3134562556,79.0356138436,50.7,Palestine
PAN,0.320234882,36.8251609708,2224.8877402162,1.9410785046,2.8,0.5118045237,0.9,0.8696089129,62.6630345055,2461.0,88.6,2668.8364756802,0.3000322487,52.2478813711,46.509821103,0.9010711098,2.4,33262.1581588835,94.7,33920.5833101399,294.9764157663,97.7,Panama
PNG,0.0001248439,0.2550369804,0.0,0.0,1.6,42.7441979087,0.9,0.0489513109,57.0007651109,3250.0,32.8,38.6455249033,1.0178027407434862,48.5213869971,52.41406113550599,0.1322428331,1.0,94927.3029885153,40.0,94927.3029885153,46.4681591783,88.0,Papua New Guinea
PRY,0.4892075199,78.6158309159,4882.583684636,69.8274750496,3.3,6.3820969747,1.6,0.6222760915,15.0020721094,1228.0,94.9,66.9879490766,0.1496470777,61.4756477959,13.6155031771,1.835399711,2.1,17037.8565153273,98.0,56468.116418363,351.3875877905,100.0,Paraguay
PER,0.6968826471,81.3482699521,183.5892790483,12.7034790935,2.8,1.2829429444,4.2,0.8566656027,17.3687871035,2229.0,69.2,282.2199781771,0.3898022939,40.7956356362,11.0235258213,3.0010316516,2.9,52187.5222019585,86.7,59781.9038605982,512.1310070271,91.4,Peru
PHL,14.1899791232,73.2838089899,67.5554093413,0.0,4.0,17.0891330365,1.2,19.363256785,9.6270579737,2640.0,90.3,5.7597285052,0.1695716445,23.5495628813,3.375686298,28.3552430449,2.1,4554.4040921178,91.8,4554.4040921178,881.8714512314,93.7,Philippines
POL,1.6826446281,10.0982045432,77.8828019154,11.4049586777,2.7,69.784743577,1.2,16.6611570248,20.1170518798,600.9,96.9,18.1081375384,0.151468279,153.6915502158,43.5702218161,34.8909657321,0.6,1412.2663766251,98.3,1594.0693243623,265.6167414694,99.3,Poland
PRT,11.326873385,78.4301446579,1130.6477593926,50.9043927649,2.4,13.3922580761,2.3,11.8165374677,8.1775972661,920.7,100.0,22.7147555937,0.1850833394,157.3123922976,16.051553713,18.3765320474,2.8,3693.4344440171,100.0,7522.9427886033,1086.4626199649,100.0,Portugal
PRI,1.5985915493,3.4661780424,953.1475189652404,0.0,2.8445099978590918,72.22476714,1.609207422027434,12.323943662,24.3090548175,1093.0,93.6,20.6552019578,1.8716062375,63.0044443198,30.298829628,19.5356106274,1.325509994389902,2244.2311406352,93.6,2244.2311406352,1035.0330802831,93.6,Puerto Rico
QAT,502.9310344828,31.9636204252,899.9791721738613,3.4482758621,0.0,15.7462195924,2.6,432.4137931034,52.2901599825,36.0,100.0,653.1117559934,1.068392839,169.165748695,191.6389489422,432.4137931034,0.4,20.5525101955,100.0,21.2865284168,334.9325143647,100.0,Qatar
KOR,22.8981348637,58.9321320434,368.6080520522,6.9583931133,3.5,16.43157817,1.5,41.8895265423,24.6362897866,1061.6111437249706,87.9,113.9902194762,1.5878440703,133.0511521136,52.4450097826,85.2218330414,3.3,1269.1692753787,97.6,1364.0878719182,530.0176147387,99.7,Republic of Korea
MDA,0.3422982885,5.0,277.7309761055,86.7970660147,3.8,77.380952381,1.1,6.8459657702,17.619047619,541.3,81.4,2.4330933613,0.6578926291,32.2587090723,7.5993227595,12.474012474,0.8,399.0458370652,88.4,3022.4027288824,206.912656256,96.9,Republic of Moldova
ROU,0.7032687137,22.0138786358,562.8583213905,80.010376869,3.7,62.5129189429,1.3,3.1946606292,15.4732024214,647.4,100.0,12.1403092071,0.2695682419,115.2334736766,25.4789127188,6.3411665574,0.8,2156.3074613581,100.0,10787.1341406919,344.6123274134,100.0,Romania
RUS,0.4123351405,28.9706567303,5507.7519986555,4.7165527368,2.0,43.533612793,1.5,1.4232854449,27.4957304766,489.3,91.2,13.6873694269,0.0556211214,46.4244599675,18.7394645999,4.0961687054,1.9,29629.6129345959,96.9,31096.28564629,442.5889074947,98.9,Russian Federation
RWA,0.7669172932,55.4649265905,0.0,28.5714285714,3.6,11.1473626971,1.4,1.3827067669,33.3877107123,1052.0,71.9,64.0727216422,0.1125870673,72.8178312134,31.5170718382,6.0894039735,2.1,792.9247077926,76.1,1110.0945909097,15.3493530277,86.6,Rwanda
KNA,0.8333333333,1.2820512821,909.6396562146816,0.0,2.7593097279398524,0.0,1.7213855002214133,50.8333333333,98.7179487179,1058.2420217989827,98.3,542.6804189492643,0.4481046852,40.1289025945,141.90499097924263,50.8333333333,1.719980453342271,461.1393985974,98.3,461.1393985974,299.7406090883,98.3,Saint Kitts and Nevis
LCA,10.1333333333,70.8624708625,14.3682924942,0.0,3.6,0.0,1.8798167697273054,14.3,29.1375291375,1063.0042829875542,95.6,510.49008145434436,0.0015291117,108.4172623314,71.49362958841232,14.3,2.528791151773534,1657.8799031798,96.3,1657.8799031798,237.0768261547,99.5,Saint Lucia
VCT,0.0,0.0,893.1159973210838,0.0,3.6,0.0235238767,8.131306132188268,7.9,99.9764761233,1060.061574814069,95.1,46146.9982511683,-5.86266531735148,59.835957339,3893.6825529499542,7.9,4.911940451443906,910.5229133091,95.1,910.5229133091,77.4126580895,95.1,Saint Vincent and the Grenadines
WSM,58.3284199273084,52.62332592483044,51.1896474057,0.0,2.7849753913569772,18.46614973178046,1.7870385892821954,60.32054879580944,28.91052529565316,1054.7859311127738,99.3,494.1833284127038,1.3492575877175383,157.7059457988379,89.40181076588954,69.02817036816826,2.092752182329958,-2094.186715076418,99.0,0.0,413.38130644410734,97.5,Samoa
SMR,58.60224921587762,52.95131716842124,1249.7932544888415,22.77665048069938,2.3,18.218852410336552,1.4,61.10906524977716,28.829829122584968,1115.4742639106282,83.59639209501674,483.8155217556571,1.2747859837086621,127.18150363670519,81.84135123583422,68.9010053965327,1.7,14148.74399293193,88.40192428861971,17226.27565451446,441.3750450079913,94.46989802863172,San Marino
STP,1.1743119266,62.5916870416,188.3248265239,0.0,2.8342288894826164,1.466992665,1.8397283597635663,1.876146789,35.9413202934,1094.994985213791,93.6,77.1887323203,0.3018729547,17.1622541392,7.4896411461,1.876146789,2.5028906704690352,10526.8749185133,97.1,10526.8749185133,197.4996257648,98.9,Sao Tome and Principe
SAU,800.0,82.2269807281,30.3330434242,0.0,1.2,4.2826552463,3.5,883.3333333333,13.4903640257,128.6,97.0,292.3302479938,0.8695153698,111.4611308601,28.2709852378,883.3333333333,1.6,72.5049702912,97.0,72.5049702912,705.4129401252,97.0,Saudi Arabia
SEN,5.2989479086,92.9761368753,16.2133889517,33.7952270978,2.5,2.61143629,1.8,5.699127534,4.4124268348,576.0,67.3,74.6918375257,0.0835927079,111.4267315815,6.9448740267,11.8072833599,3.9,1673.2217398199,78.5,2527.3430697977,144.0397474473,92.9,Senegal
SRB,0.4073982737,12.28869507,257.0776481184,39.63304365748185,3.5,75.4467855615,1.0,3.3150431566,12.2645193685,1105.3105165374245,98.9,2.2398312037,0.1222835274,34.2969671268,5.911265871,6.0599571734,1.0,952.1352428438,99.2,18369.9698333837,609.0064043468,99.4,Serbia
SYC,55.43591296102619,6.5693430657,10.3715073949,0.0,2.736461444886051,27.7372262774,1.5960130093041691,65.90664478509541,65.6934306569,1054.7854097366646,95.7,34.9657333695,7.351763313,120.4710234802,89.3230354093,69.24322719637463,1.601611499032643,-2157.5965663253937,95.7,0.0,142.0896513099,95.7,Seychelles
SLE,0.0285625,21.5362865221,29.3786822673,0.0,1.6,26.1545711593,0.6,0.132625,52.3091423186,2546.0,47.8,4.1658164999,0.117383724,13.540215404,8.1976020819,0.4957943925,3.6,21366.3143762044,62.6,21366.3143762044,28.3370744414,84.9,Sierra Leone
SGP,4.396,4.0,13.1218398747,0.0,2.9,51.0,0.8,82.0166666667,45.0,1057.3682521376084,100.63051179237621,214.6313212365,1.6156365430401094,791.628778642,384.5778340718525,82.0166666667,1.0,105.1148721602,100.0,105.1148721602,115.521244504,100.0,Singapore
SVK,0.0630738523,5.6803882797,316.9478147543,74.8502994012,3.8,41.5603091857,0.9,1.1103792415,52.7593025346,762.7,100.0,103.6119541308,2.2166956495,195.1671104311,146.1561716503,2.3937177281,0.6,2312.817782999,100.0,9196.2040419244,102.1127406891,100.0,Slovakia
SVN,0.0122372137,0.4187245008,16.1337395504,41.4182616881,3.5,81.382864505,0.9,2.9224976467,18.1984109942,949.3,99.4,15.7535695313,4.1166691235,163.2471865026,42.5463375848,6.2974983097,1.0,8991.5497733089,99.5,15348.7247603297,448.5661199175,99.7,Slovenia
SLB,65.73745337644951,56.16742783899215,2565.7919757962063,0.0,2.8203204869052216,14.26537529626097,0.9172901655508869,64.4020896878169,29.567200738331195,2945.0,77.2,499.51751205474187,0.9905868028283829,78.35200898190844,66.84664083082788,67.77800637329047,2.6290508845516785,70278.7093244282,80.8,70278.7093244282,532.0852535538713,93.2,Solomon Islands
SOM,22.3197278912,99.4845360825,0.0,59.1836734694,3.8,0.0606428138,2.9,22.4353741497,0.4548211037,408.3,8.8,49.3970316841,0.0326268724,29.8102087888,0.1979975633,24.527740592,1.7,411.2637181297,31.7,1007.5961094178,226.0579570653,69.6,Somalia
ZAF,22.1811100292,58.7719298246,544.1502854354,12.8404669261,2.8,21.1558307534,3.0,37.740993184,20.0722394221,548.3,81.4,18.0534070267,0.165698482,53.5185143394,14.6590967647,62.055715658,2.1,785.8304112019,93.2,900.7230271254,339.9418162744,99.6,South Africa
SSD,0.4848484848,36.4741641337,965.8192463246376,65.7894736842,2.5,34.1945288754,1.5,1.3292929293,29.3313069909,1070.7806130768554,56.9,27.2440644507,0.0289958375,33.5929430887,19.1798047394,4.2260757868,2.5,2382.9680839003,58.7,4536.8046212717,60.3074230464,66.7,South Sudan
ESP,18.2600896861,65.2229625833,1153.6455986384,0.269058296,2.7,19.1119938493,2.3,28.0035874439,15.6650435674,536.0,100.0,36.181404824,0.4982162074,183.4523554532,35.9778306422,42.5685071575,2.1,2383.8398978825,100.0,2390.2711206286,669.1901641394,100.0,Spain
LKA,21.4204545455,87.362892013,281.2377414051,0.0,3.7,6.4189711108,1.6,24.5189393939,6.2181368763,1656.0,95.0,27.5976203893,0.2643931747,61.3045277058,5.8144642479,90.7854137447,3.0,2499.0496038628,95.6,2499.0496038628,612.7404577956,98.5,Sri Lanka
SDN,68.544973545,96.1945424169,520.1723345891,96.1277831559,3.3,0.2784481158,1.4,71.2566137566,3.5270094672,1059.1669710698968,50.2,200.3765464676,0.209490508,53.7414886569,2.6549305465,118.6563876652,3.5,98.0070343079,55.5,926.1664742094,659.9548672707,66.0,Sudan
SUR,0.4354545455,69.9951290794,35057.2133722235,0.0,1.4,22.000324728,1.8,0.6221212121,8.0045461926,1848.0,88.4,10.5621958035,1.0853690959,47.6840148535,6.9003118703,3.950609365,2.6,173533.206192506,94.8,173533.206192506,1079.5868857976,98.1,Suriname
SWE,0.0431034483,3.1578947368,3630.4268111447,1.724137931,0.4,56.6315789474,1.5,1.3649425287,40.2105263158,700.4,100.0,76.9465134506,3.7509934289,373.9866351715,194.0764722893,3.4271284271,1.2,17264.1893463596,100.0,17567.069861208,239.7804075883,100.0,Sweden
CHE,0.2992523364,9.2340523705,395.4088812844,24.4859813084,3.2,37.0688660745,0.8,3.241,53.697081555,1450.0,100.0,254.7975192723,4.1571682871,550.6054581553,390.4934881887,6.613,0.8,4777.7834017912,100.0,6327.0151484117,205.0425955947,100.0,Switzerland
SYR,87.3110344007,87.5277439679,1149.4133195536,72.3587318812,2.7,3.6717500776,1.8,83.1115343411,8.8005059545,375.8,87.2,9.0504750205,0.1020868262,6.3518576137,0.9806607269,124.360138926,2.9,417.1814653973,90.1,982.821506114,980.3881425469,92.3,Syrian Arab Republic
TJK,47.6494751255,90.823676793,3322.5348604344,17.3375016282,3.7,3.5476911299,2.1,47.5572797809,5.6286320771,338.6,66.7,5.9549794358,0.1651493195,5.7606214785,0.6855031497,68.7412587413,3.6,7146.1807233746,73.8,2467.2678797532,1294.4203936188,93.1,Tajikistan
THA,11.8077563211,90.3744808572,1144.7929130278,48.8132965505,3.7,4.8459149129,1.0,13.0655935797,4.7796042299,1724.0,98.0,50.0721319626,0.3674052432,93.6442537907,7.2343182064,23.0139351833,3.5,3243.9042962262,97.8,6337.3963893269,828.0040069464,97.6,Thailand
TLS,13.0371272063,91.3822525597,1056.2883105335145,0.0,2.2,0.1706484642,2.7,14.2665855143,8.4470989761,1080.289881093778,60.5,647.3100794462,0.0649788516,12.6163484493,2.2297192879,28.2682103232,3.6,6607.6389615028,71.9,6607.6389615028,942.6844629192,95.2,Timor-Leste
TGO,0.5170068027,34.0807174888,223.0921348828,21.768707483,3.1,2.8251121076,1.3,1.5170068027,63.0941704036,1071.0,44.2,99.5769791815,0.0100917868,16.7821612788,13.4051660832,3.391634981,3.0,1493.8025380095,63.1,1909.4693311947,28.9667796501,91.4,Togo
TKL,58.70600672837895,52.64548407437833,865.3415221040442,0.0,2.7605983372647045,18.459873894956644,1.7876288651567358,60.3853908636983,28.894642918496473,1054.7293886942175,100.0,493.072020094244,1.3350738934421322,158.35903482077214,89.58635709793185,68.92268606458198,2.1022735125864727,-1777.0026627878478,100.0,0.0,414.12812628524665,98.90110794564492,Tokelau
TON,58.695775113952905,52.63411827545687,865.3408622409642,0.0,2.760716805803271,18.47155580424146,1.788302184020333,60.285953995177024,28.894326786290762,1054.729401764738,99.6,493.53687336439685,1.3348906744007867,158.06900808121446,89.49396131617334,68.87428039971532,2.1053690009716663,-1777.025725771085,99.6,0.0,414.1281130623955,99.7,Tonga
TTO,0.4348958333,4.3580375783,51.6379720807,0.0,2.2,33.6377870564,1.2332980309154145,8.7552083333,62.0041753653,1839.0,95.1,64.8699874008,2.9631700242,59.0695928463,58.5755782246,20.3264812576,1.7653591400960011,2774.4481991013,95.1,2774.4481991013,276.8668098687,95.1,Trinidad and Tobago
TUN,81.7551462622,77.3948717949,235.3952348387,9.1007583965,2.6,19.7948717949,2.0,103.315276273,2.8102564103,326.1,93.2,10.142413242,0.190253599,202.0881513607,7.8341194552,121.0674656578,1.6,366.9061016878,97.7,403.6404432156,426.3807498756,100.0,Tunisia
TUR,23.6531190926,84.8823010651,1945.6728182878,1.5184381779,2.6,4.9148633064,1.5,28.3601134216,10.2028356285,614.5,100.0,88.9606809664,0.3019343632,87.9615056899,13.603152543,44.5740176781,2.6,2798.4459379078,100.0,2608.5954205343,726.9055783383,100.0,Turkey
TKM,106.4405410862,94.2977749159,971.6609175209,96.9956163798,1.8,3.0013593761,2.4,112.517666061,2.7008657079,71.38,34.6,27.4460244962,0.1354960581,17.9670517345,1.4367895365,143.5600206079,1.8,244.0224486758,60.4,4301.2213106454,4855.0914806292,89.1,Turkmenistan
TUV,58.62698873210837,52.66133321550623,865.3359071521943,0.0,2.7615229953386007,18.459815087805623,1.7964872191471397,60.38736721411876,28.878852496209063,1054.7293792433336,97.0,497.747562857535,1.3331569086136774,155.3317273384078,88.9856624082895,68.89920924224097,2.129478624750614,-1777.1669490800477,97.7,0.0,414.12805818396856,98.3,Tuvalu
UGA,0.4309484193,40.6593406593,1943.3417702725,35.1081530782,3.6,7.8492935636,1.7,1.0599001664,51.4913657771,1350.0,75.8,87.3684318178,0.0485132296,41.925957382,28.4657779257,5.8279963403,1.6,947.3702314119,79.0,1459.9218181502,15.4737137797,95.5,Uganda
UKR,1.8290734824,34.9237472767,1245.2585499514,68.5645823825,2.4,38.9651416122,1.3,4.9264034687,26.1111111111,1813.0,97.8,5.3846177163,0.0592900347,21.5643082674,7.7495107124,11.1881316403,1.2,1238.5443359198,96.2,3939.9646315795,206.3491289246,95.5,Ukraine
ARE,2208.0,82.8414207104,6.4371237761,0.0,1.2,1.7258629315,3.6,1708.0,15.4327163582,51.95,100.0,2099.2419402523,0.8809781299,361.6596596958,92.7737627503,1708.0,0.6,15.8107716257,99.6,15.8107716257,421.409766398,99.6,United Arab Emirates
GBR,0.8047619048,14.0498812352,79.0004582971,1.3605442177,3.4,11.9952494062,1.0,5.7272108844,73.9548693587,1082.0,100.0,465.1084996237,0.6620339037,356.7750047432,319.7364281786,14.3546462063,1.7,2173.0183919331,100.0,2202.9910594081,126.1849300695,100.0,United Kingdom
TZA,4.811467747,89.3518518519,1906.2944340686,12.7454035525,3.1,0.4822530864,2.7,5.384855095,10.1658950617,1114.0,45.5,533.9212135081,0.183338735,41.0834690238,6.9151704348,12.9632408102,3.2,1536.7632461994,55.6,1761.2404489478,94.8402460512,77.2,United Republic of Tanzania
USA,5.7412838058,39.6587814265,2263.6170017428,8.1785597915,3.1,47.1989016183,2.1,14.4801600448,13.1423169551,938.7,98.2,15.1152247648,0.2034232704,267.5601731997,42.378501264,28.1619842696,1.7,8668.5085904182,99.2,9440.6149268962,1366.6897379833,99.4,United States of America
URY,1.8408826945,86.6120218579,4991.4057039999,46.4576074332,3.0,2.1857923497,1.7,2.1254355401,11.2021857923,1550.0,93.9,152.9722146975,0.1452633376,86.3691536078,13.1447035342,9.7860962567,1.1,26828.5223856667,99.7,50107.0667550087,1064.9934048974,100.0,Uruguay
UZB,111.2338858195,92.2920203735,688.7374242349,80.0707403342,2.7,3.6162988115,2.2,120.5238387559,4.0916808149,188.8,80.9,9.7865766007,0.4524521075,13.8394522807,1.3377552584,168.9131058216,3.2,511.267519478,87.3,1529.1091601524,1842.9410585835,98.5,Uzbekistan
VUT,59.93875547531343,52.53513580546232,1730.4017430296253,0.0,2.5819225017451877,18.622383259566334,1.7389438124098535,61.01707261889802,28.842481923092038,1182.7482867448089,92.9,470.5504039881266,1.243340942744546,140.73510872008023,81.5661633837044,68.64136237051177,2.161991644022459,35025.0429056776,94.5,35025.0429056776,473.91422033543654,98.9,Vanuatu
VEN,1.2611320755,73.852110155,5360.9654204726,39.2452830189,2.7,3.5060968873,2.7,1.7072528302,22.6417929578,1813.0,77.9,102.8102661227,0.3021936107,25.30447213,9.5571900873,7.5403666667,2.3,27378.6391653168,93.1,45064.219744155,769.5370227903,95.0,Venezuela (Bolivarian Republic of)
VNM,8.7940551056,94.7823966841,472.6774176008,59.347147446,3.8,3.7474094843,0.7,9.2591503416,1.4701938315,1991.0,96.9,20.351487176,0.3736684004,83.8407909446,2.349447563,18.1303153792,3.2,3799.339725453,97.6,9345.8133606019,867.1187960573,99.1,Viet Nam
YEM,154.0476190476,90.7433380084,16.6158795572,0.0,2.9,1.8232819074,4.9,169.7619047619,7.4333800842,232.7,46.5,59.507185998,0.7041230967,47.0234110589,5.2193574301,169.7619047619,2.4,75.4450747461,54.9,75.4450747461,128.0769959381,72.0,Yemen
ZMB,1.0992366412,73.2824427481,6000.7005031982,23.4732824427,2.5,8.2697201018,2.1,1.5,18.4478371501,1065.0,51.3,57.6677805826,0.0317410069,43.2173662936,12.7648939827,2.8354978355,4.4,4758.6275192616,65.4,6218.2564092097,93.2738461381,85.6,Zambia
ZWE,13.85,82.9564852805,7019.2307921943,38.7,2.8,2.437782636,3.1,16.695,14.6057320835,722.5,67.3,49.2125225743,0.0502442289,27.1944875679,5.2133291721,31.3462260608,3.7,861.1609728309,76.9,1404.830298256,234.5434424453,97.0,Zimbabwe
